Time (sec),R1 W1 Avg,R1 W2 Avg,R1 R1,R2 W1 Avg,R2 W2 Avg,R2 R1,R3 W1 Avg,R3 W2 Avg,R3 R1,R4 W1 Avg,R4 W2 Avg,R4 R1,R5 W1 Avg,R5 W2 Avg,R5 R1,R6 W1 Avg,R6 W2 Avg,R6 R1,R7 W1 Avg,R7 W2 Avg,R7 R1,R8 W1 Avg,R8 W2 Avg,R8 R1,R9 W1 Avg,R9 W2 Avg,R9 R1,R10 W1 Avg,R10 W2 Avg,R10 R1,R11 W1 Avg,R11 W2 Avg,R11 R1,R12 W1 Avg,R12 W2 Avg,R12 R1,R13 W1 Avg,R13 W2 Avg,R13 R1,R14 W1 Avg,R14 W2 Avg,R14 R1,R15 W1 Avg,R15 W2 Avg,R15 R1,R16 W1 Avg,R16 W2 Avg,R16 R1,R17 W1 Avg,R17 W2 Avg,R17 R1,R18 W1 Avg,R18 W2 Avg,R18 R1,R19 W1 Avg,R19 W2 Avg,R19 R1,R20 W1 Avg,R20 W2 Avg,R20 R1,R21 W1 Avg,R21 W2 Avg,R21 R1,R22 W1 Avg,R22 W2 Avg,R22 R1,R23 W1 Avg,R23 W2 Avg,R23 R1,R24 W1 Avg,R24 W2 Avg,R24 R1,R25 W1 Avg,R25 W2 Avg,R25 R1,R26 W1 Avg,R26 W2 Avg,R26 R1,R27 W1 Avg,R27 W2 Avg,R27 R1,R28 W1 Avg,R28 W2 Avg,R28 R1,R29 W1 Avg,R29 W2 Avg,R29 R1,R30 W1 Avg,R30 W2 Avg,R30 R1,R31 W1 Avg,R31 W2 Avg,R31 R1,R32 W1 Avg,R32 W2 Avg,R32 R1,R33 W1 Avg,R33 W2 Avg,R33 R1,R34 W1 Avg,R34 W2 Avg,R34 R1,R35 W1 Avg,R35 W2 Avg,R35 R1,R36 W1 Avg,R36 W2 Avg,R36 R1,R37 W1 Avg,R37 W2 Avg,R37 R1,R38 W1 Avg,R38 W2 Avg,R38 R1
0.44,0,0,0,39.684982,309.531173,0.129451,41.124234,295.886411,0.142011,37.236558,281.962919,0.133992,53.745272,363.79917,0.15145,44.963556,331.72449,0.137925,49.72974,343.364852,0.151361,70.591996,478.723672,0.151506,68.532374,496.085841,0.140392,38.84037,265.578522,0.149271,59.824578,380.376157,0.162627,46.795755,294.257984,0.16264,52.592237,363.159529,0.151806,56.832645,330.176101,0.184023,67.672153,252.719713,0.276097,38.604136,245.172832,0.174943,53.422157,364.566028,0.150485,38.40037,234.621962,0.194596,55.147848,340.528254,0.166327,44.29201,283.462125,0.162136,48.919354,329.191896,0.151705,76.247466,498.692271,0.154916,50.106992,314.819062,0.163153,60.973504,491.561458,0.125936,35.487256,232.777253,0.162691,29.802857,216.080054,0.148069,55.418053,365.293015,0.158555,44.263064,289.939913,0.159028,41.738137,287.936286,0.148428,27.506816,183.876013,0.167979,29.933869,205.672025,0.151733,33.43615,257.086313,0.140285,45.018375,343.789694,0.134317,40.058702,299.510077,0.135993,37.459561,277.983154,0.13812,32.361549,226.343202,0.15228,25.415545,218.788555,0.123949,43.406323,275.942818,0.158361
30.44,0,0,0,38.035215,302.997808,0.126847,39.921196,289.737089,0.140891,36.143979,275.989088,0.132865,52.196278,357.059256,0.149782,43.515624,325.027208,0.136281,48.535298,336.384593,0.150894,68.866598,467.858739,0.150979,66.885183,485.319145,0.139964,37.505787,258.214893,0.148254,58.307614,372.347987,0.161762,45.821911,289.536165,0.161912,51.014728,357.771432,0.14938,54.570939,328.351232,0.178779,49.867097,364.434194,0.139634,37.414045,245.334088,0.163149,51.850222,355.642995,0.149723,36.360857,239.378599,0.17181,53.575383,334.123475,0.164705,42.966374,277.90519,0.160547,47.36123,321.933718,0.150171,73.965781,485.791521,0.154254,48.397479,307.907838,0.161313,58.956791,478.021144,0.124969,33.455302,236.789075,0.146341,28.99667,212.067711,0.14688,53.692861,356.915692,0.157487,43.107391,286.361645,0.155374,40.832927,282.151236,0.1478,27.028579,180.760289,0.168699,29.125124,201.767349,0.150485,32.628261,252.611047,0.139721,43.892323,336.433304,0.133988,39.098954,292.959842,0.136057,36.599711,272.548152,0.137675,31.800156,222.360901,0.15261,24.718219,215.034706,0.122828,42.004904,269.676189,0.1571
33.27,,,,,,,,,,,,,,,,,,,,,,,,,,,,,,,,,,,,,,,,,,,,,,,,,,,,,,,,,,,,,,,,,,,,,,,,,,,,,,,,,,,,,,,,,,,,,,,,,,,,,,,,,,,,,,,,,,
38.01,0,0,0,33.16621,266.319608,0.126377,33.964209,249.059067,0.140361,31.026712,239.840715,0.132494,47.559689,329.006224,0.154093,42.647865,303.838045,0.144989,40.974036,285.628889,0.165926,67.836526,462.880756,0.150816,63.735825,464.930234,0.140738,34.559207,241.154167,0.147548,46.417637,292.557204,0.217459,51.695552,328.656565,0.160652,48.925808,346.325975,0.160623,50.408976,326.560419,0.16243,47.306769,363.716102,0.13373,39.226895,262.128535,0.157701,43.850005,298.735324,0.161688,31.535997,208.448343,0.187204,52.900475,333.302666,0.162431,43.232229,282.490626,0.159107,49.224276,333.879811,0.150841,68.472974,450.26762,0.154031,39.420313,248.826145,0.195458,51.869056,429.112871,0.125801,32.738888,233.850094,0.14499,27.791747,203.848118,0.149445,48.428951,322.789331,0.178159,44.757579,296.790603,0.156335,40.255956,281.085256,0.146996,25.81151,174.835445,0.167103,29.528847,207.927832,0.147829,35.155713,273.240516,0.133945,43.166167,329.02741,0.134526,36.77902,277.835808,0.135905,35.151301,264.177259,0.13731,32.277467,229.292211,0.150186,25.110187,219.790974,0.120425,37.497881,241.267343,0.159777
40.01,0,0,0,32.630926,265.385585,0.124658,33.406393,248.518543,0.13826,30.539081,239.809954,0.130264,46.924429,328.005619,0.151925,42.100035,302.915536,0.143399,40.196999,284.249374,0.161173,66.982693,460.629442,0.149372,62.847423,462.145451,0.139294,33.853333,239.469322,0.145736,45.626567,291.085862,0.208774,51.087036,328.013613,0.158861,48.273572,345.625419,0.158915,49.700843,326.390708,0.160133,46.488411,363.453638,0.13123,38.796637,261.28273,0.156053,43.243925,298.068138,0.158291,30.945425,207.867736,0.183523,52.105914,332.836496,0.16008,42.676746,282.107267,0.156472,48.294188,332.545183,0.148476,67.893096,448.164002,0.153446,38.827636,247.620681,0.192111,51.173583,426.799526,0.123989,32.192683,233.362315,0.142671,27.257528,203.533158,0.146262,47.831616,322.099101,0.175956,44.249561,296.604727,0.153337,39.731796,280.463421,0.14518,25.407447,174.918182,0.162993,28.947594,207.870991,0.145052,34.627757,272.682591,0.13211,42.642244,328.144902,0.13314,36.365415,277.396784,0.13449,34.669639,263.986786,0.135317,31.711807,229.033639,0.147418,24.599059,220.083135,0.117743,36.633576,240.668476,0.155741
42.01,0,0,0,33.086394,265.615854,0.126369,34.133297,247.761976,0.141801,31.04034,239.978522,0.132371,47.490181,326.81196,0.15542,42.753916,302.084175,0.146155,40.867624,283.346327,0.165593,67.467952,458.854772,0.151446,63.304941,459.57965,0.141581,34.443056,237.150255,0.150092,46.253555,290.34327,0.217721,51.594858,327.515633,0.160993,48.671011,345.279313,0.162466,50.267347,326.196047,0.162193,47.088082,363.445727,0.133358,39.41375,261.057385,0.159186,43.78626,297.479195,0.162836,31.591777,207.582541,0.19236,52.790339,332.164286,0.162912,43.298016,281.494522,0.159454,48.999336,331.120208,0.151431,68.404015,446.170373,0.155259,39.311334,247.077866,0.201893,51.71438,424.734076,0.127041,32.795939,233.544752,0.145629,27.998074,203.376166,0.15141,48.273762,321.358549,0.181004,44.888665,296.043244,0.156195,40.371428,279.97107,0.148036,26.111678,175.241473,0.167333,29.71761,208.352417,0.148512,35.323607,272.577943,0.135107,43.157144,327.499866,0.135273,37.025572,277.370965,0.136988,35.386116,263.767975,0.138522,32.453418,228.374284,0.151667,25.388581,219.501056,0.121443,37.368757,240.138885,0.15973
44.01,0,0,0,33.096465,264.2859,0.126881,33.93164,246.905889,0.141458,30.901792,239.168913,0.132212,47.301295,325.342041,0.155189,42.535981,301.021541,0.146072,40.625742,282.007546,0.166375,67.013825,456.398343,0.151409,62.970005,457.184584,0.141403,34.266875,235.513933,0.15067,45.973535,288.45068,0.219041,51.491107,326.347586,0.161205,48.608819,344.16921,0.163136,50.16468,324.935395,0.162775,46.881284,361.883176,0.13327,39.281906,260.038257,0.159233,43.701093,296.076642,0.163991,31.514425,206.43054,0.191984,52.515997,330.998526,0.162652,43.270123,280.103297,0.160425,48.81392,329.494125,0.1516,68.036743,443.995713,0.155286,39.085225,245.330948,0.202099,51.355545,421.88748,0.12709,32.736311,232.354537,0.145935,27.858089,202.081115,0.151203,48.102951,319.925384,0.18309,44.623845,294.369389,0.156483,40.196302,278.592464,0.148097,25.869501,174.617737,0.16714,29.621737,207.449741,0.148821,35.013345,271.348385,0.134602,42.924111,326.051503,0.135111,36.774625,275.785915,0.137052,35.204337,263.026112,0.138119,32.258472,227.075265,0.151755,25.186725,218.767485,0.121273,37.117888,238.901966,0.15946
46.01,0,0,0,31.858523,264.138531,0.122364,32.64738,247.333084,0.135736,29.776527,239.039451,0.127551,46.009587,324.801466,0.150628,41.376973,300.908624,0.141844,39.3896,281.506491,0.159741,65.726927,455.874866,0.148089,61.712933,455.833692,0.138427,32.971455,235.277203,0.144628,44.730943,288.558644,0.203389,50.267112,326.787007,0.156936,47.282023,343.824923,0.155026,48.724212,325.312048,0.157393,45.476275,362.158353,0.128761,38.044567,259.908676,0.153963,42.378665,296.66671,0.156549,30.279345,206.732263,0.180013,51.202319,331.221776,0.158017,41.946869,280.406487,0.154623,47.33777,329.054512,0.146931,66.405017,442.576191,0.151879,37.956559,245.588795,0.191187,50.004474,422.007589,0.123028,31.427589,232.624645,0.139682,26.713226,202.274338,0.144196,46.881239,319.759587,0.168898,43.204445,294.049751,0.150551,38.931254,278.474674,0.143047,24.777135,175.170821,0.1586,28.388887,207.766694,0.142192,33.886019,271.232362,0.129905,41.71928,325.761504,0.13119,35.5154,275.850981,0.132075,33.969012,263.150281,0.132801,31.0309,226.892938,0.145357,24.055072,218.457069,0.11588,35.922535,238.540589,0.15406
48.01,0,0,0,32.893738,262.992464,0.12682,33.39874,246.144892,0.13962,30.538735,238.172962,0.131162,46.785857,322.889968,0.155075,42.208744,299.514105,0.145523,40.107324,279.737125,0.164673,66.130858,453.051286,0.150208,62.220094,454.021283,0.140796,33.706229,233.685993,0.149459,45.402467,286.709062,0.219565,50.923721,325.531991,0.159802,48.086995,341.981171,0.161347,49.539697,323.891027,0.16096,46.266739,360.644307,0.131958,38.854489,258.44133,0.158677,43.138981,295.391864,0.160147,31.058321,205.588598,0.190112,51.838151,329.641619,0.161125,42.804301,278.607236,0.159402,48.085467,326.785639,0.150404,67.208519,439.593942,0.154849,38.767323,244.306845,0.200686,50.505834,418.914283,0.125903,32.340247,231.365165,0.144636,27.516571,201.104516,0.149546,47.544341,317.730801,0.17946,44.081248,292.275156,0.155098,39.644043,276.907528,0.146707,25.59124,174.019547,0.165204,29.191126,206.579791,0.14727,34.652507,269.78744,0.134014,42.49711,324.150316,0.134602,36.245094,273.922981,0.135959,34.760185,261.945257,0.136825,31.757235,225.391834,0.150036,24.934899,217.099894,0.120594,36.55792,237.182593,0.158333
50.44,0,0,0,32.075363,263.441765,0.123513,32.790229,246.388843,0.137007,30.036834,238.313781,0.128953,46.183186,322.768656,0.151605,41.453811,299.598736,0.142794,39.459624,279.423807,0.162443,65.489938,452.089581,0.148895,61.275183,452.970952,0.138765,33.174307,232.923757,0.147389,44.868029,286.816295,0.216791,50.221741,325.14352,0.1576,47.361636,341.956458,0.156357,48.881407,323.992404,0.15893,45.670937,360.60058,0.13003,38.180237,258.280996,0.155392,42.561398,295.159472,0.158055,30.481353,205.708526,0.18272,51.20287,329.434677,0.158986,42.038192,278.841612,0.156045,47.305976,326.198981,0.148202,66.21501,438.979685,0.152547,38.026053,244.377645,0.192171,49.709203,417.018161,0.123441,31.639489,231.497501,0.141376,26.904608,201.259094,0.145784,46.902193,317.462634,0.172843,43.284312,291.888262,0.152243,39.01568,276.872878,0.144195,25.004708,174.332077,0.160106,28.573789,206.901553,0.143539,34.005493,269.956614,0.131186,41.787158,324.207879,0.13212,35.721719,273.577588,0.134027,34.170443,262.038786,0.134199,31.083766,225.574742,0.146257,24.36496,217.064265,0.118197,36.011046,237.049422,0.155324
52.44,0,0,0,33.023157,262.246506,0.127636,33.720804,245.705527,0.141519,30.859033,237.736681,0.132971,46.930693,322.050555,0.156134,42.575964,298.548407,0.147418,40.255364,278.62703,0.168541,66.263533,450.83807,0.151606,62.365616,451.224569,0.142362,33.996638,232.137405,0.152246,45.661824,285.963569,0.222994,51.177085,324.444063,0.161276,48.39735,340.575637,0.163948,49.822485,323.120603,0.162632,46.495621,359.760235,0.132991,39.211691,257.860837,0.16065,43.431959,294.717018,0.16205,31.416438,205.196274,0.192834,52.099505,328.656303,0.162613,42.960927,278.043986,0.160405,48.29895,324.759622,0.152149,66.99431,437.831831,0.155075,39.05632,243.549089,0.203364,50.471925,416.286454,0.126898,32.594713,230.967437,0.146271,27.874917,200.676327,0.151946,47.726689,316.635682,0.183533,44.241413,291.116661,0.156718,40.028451,275.917608,0.148884,25.97662,173.974186,0.167635,29.572899,206.455486,0.149296,34.946878,269.459691,0.135517,42.70277,323.372119,0.135622,36.740624,272.748674,0.138813,35.103467,261.589657,0.138595,31.921729,224.902701,0.151651,25.346661,216.38361,0.123296,37.024235,236.24606,0.161323
54.44,0,0,0,32.033913,262.861537,0.123748,32.600742,245.902753,0.136184,29.6996,237.274132,0.128103,45.659772,321.746803,0.150305,41.316344,298.624182,0.142782,39.268328,278.235212,0.161265,65.049272,449.817689,0.14854,60.958287,449.287398,0.138996,32.781793,231.926618,0.146531,44.517429,285.952496,0.206767,49.915419,324.473811,0.156915,47.128397,340.821108,0.156658,48.515593,323.241815,0.157899,45.371341,359.648226,0.129377,38.089946,257.94216,0.155174,42.38375,295.05416,0.155113,30.37985,205.586426,0.183143,50.929612,328.5238,0.158593,41.862643,278.102267,0.155768,47.04329,324.668573,0.148043,65.627119,437.20363,0.151835,37.807323,243.634112,0.189754,49.285752,415.290533,0.123118,31.442628,231.242121,0.140553,26.662384,200.874506,0.144604,46.70854,316.69972,0.174806,42.927331,291.162526,0.151326,38.841533,275.736627,0.144096,24.899713,174.708853,0.159226,28.555091,206.53905,0.143769,33.799189,269.424717,0.130739,41.480711,323.346087,0.131538,35.613976,272.700864,0.134151,34.03088,261.679253,0.133775,30.922925,225.095887,0.145694,24.213205,216.247735,0.117844,35.835881,236.167262,0.154687
56.44,0,0,0,31.692656,261.79467,0.122861,32.509307,245.141612,0.136356,29.668,237.11149,0.128039,45.662309,320.732744,0.151502,41.214456,297.860604,0.142781,39.080949,277.363547,0.161571,64.804621,448.769189,0.148314,60.807107,448.087001,0.139253,32.733222,230.714554,0.147082,44.381627,285.022346,0.212738,49.805999,324.276373,0.156604,46.993777,340.064493,0.156079,48.436642,322.552269,0.157843,45.306032,358.840419,0.129696,37.941139,257.543651,0.154836,42.13474,294.556962,0.155885,30.285716,205.238604,0.18213,50.860587,328.277221,0.158513,41.780428,277.815369,0.155646,46.779315,323.853228,0.147541,65.49994,436.083063,0.152018,37.714811,243.118859,0.193989,48.868881,413.493508,0.12282,31.373989,230.694971,0.140523,26.690227,200.472576,0.145369,46.482076,315.951322,0.174242,42.887657,290.346241,0.151628,38.782081,275.236664,0.144238,24.783871,174.152577,0.159438,28.405934,206.080944,0.143248,33.775605,268.91803,0.130936,41.347697,322.69515,0.131309,35.465203,272.100849,0.134008,33.873644,261.056289,0.133468,30.906554,224.527986,0.146285,24.134688,215.572842,0.117983,35.780174,235.353759,0.155697
58.44,0,0,0,31.749178,260.705193,0.123539,32.44791,244.188912,0.136844,29.570434,236.609836,0.128088,45.458458,319.671856,0.15075,41.129066,296.348383,0.143274,38.919069,276.165099,0.161608,64.66645,446.92697,0.148874,60.65756,446.995762,0.139235,32.5305,229.251228,0.147259,44.292887,283.976636,0.215227,49.747662,322.992747,0.157426,46.901915,338.551601,0.157426,48.42292,321.563469,0.158359,45.086497,357.859347,0.129398,37.783511,256.621148,0.154787,42.139587,293.663875,0.156954,30.219772,204.374062,0.182898,50.664336,326.985858,0.158608,41.633628,276.617473,0.15574,46.696854,322.905086,0.147621,65.297191,434.374444,0.152105,37.590488,242.205814,0.190136,48.751097,410.354711,0.123375,31.320935,229.820498,0.141006,26.550251,199.556319,0.145419,46.337959,314.877824,0.173084,42.63038,289.425446,0.151306,38.597497,274.405846,0.144082,24.784149,173.2043,0.160233,28.342974,205.351048,0.14366,33.729975,267.788389,0.131292,41.237813,321.775477,0.131407,35.419931,271.12159,0.134368,33.863745,260.434446,0.133772,30.716855,223.752204,0.146209,24.106888,215.020366,0.117854,35.594963,234.515117,0.155184
60.44,0,0,0,32.515895,259.896136,0.126985,33.326409,243.413499,0.14123,30.527329,235.621686,0.132581,46.169893,318.614091,0.156593,41.949701,295.780531,0.146587,39.709409,275.429351,0.169396,65.282582,445.931633,0.151034,61.198243,445.648493,0.141339,33.335278,228.077649,0.152436,45.114076,282.898215,0.221307,50.51483,321.757593,0.160612,47.720722,337.282754,0.162659,49.108572,320.865966,0.161329,45.953767,357.030315,0.132662,38.592905,255.873691,0.15933,42.880299,292.702737,0.161936,31.019499,203.789962,0.193319,51.342634,326.285385,0.161465,42.455846,275.97032,0.159813,47.386876,321.799399,0.150624,65.981769,433.088232,0.154461,38.433652,241.561822,0.201101,49.480655,410.230742,0.126611,32.195346,228.6639,0.145819,27.397016,198.868677,0.150984,47.138668,314.423415,0.182928,43.564506,288.669853,0.155181,39.468528,273.443756,0.148079,25.689413,172.365076,0.167798,29.233985,204.763113,0.148668,34.619417,266.858638,0.135457,42.015546,320.508096,0.134654,36.252993,270.182357,0.138111,34.665799,259.586597,0.137877,31.559317,222.704385,0.151423,25.018035,214.615026,0.122847,36.416512,233.661096,0.160283
62.44,0,0,0,31.483763,260.430597,0.12266,32.0782,243.457001,0.135575,29.081223,235.865353,0.126469,45.130879,318.427541,0.150505,40.782734,295.510961,0.142534,38.50751,274.789178,0.160378,64.152738,445.323647,0.147907,60.024408,444.602732,0.138217,32.216833,227.811502,0.14677,43.958254,282.565908,0.210691,49.463523,321.849829,0.156761,46.590846,337.082234,0.156088,48.077939,320.316358,0.157888,44.841659,356.749008,0.128982,37.529689,255.962014,0.153949,41.760749,292.658704,0.155853,30.021549,203.729798,0.181223,50.188999,325.85474,0.157593,41.315176,275.939821,0.154881,46.324557,321.285405,0.147328,64.688705,432.957447,0.151177,37.411702,241.54322,0.191258,48.269082,409.022943,0.122429,31.080939,228.681556,0.140499,26.367128,199.079523,0.144089,46.042052,313.955666,0.173554,42.368554,288.607664,0.150595,38.372318,273.16071,0.143749,24.642782,172.812365,0.158946,28.226052,204.737911,0.143671,33.499238,266.945612,0.130514,40.968603,320.150121,0.131073,35.253523,269.948193,0.134078,33.607871,259.755015,0.13305,30.493334,222.873495,0.145339,23.873845,214.430501,0.117254,35.357425,233.618769,0.154974
64.44,0,0,0,31.243354,258.633735,0.122317,32.125385,242.760624,0.136322,29.201699,235.289093,0.127146,44.952386,316.992487,0.15051,40.718003,294.720358,0.142512,38.339425,273.44362,0.159512,63.858648,443.671901,0.147933,59.909117,442.603821,0.138798,32.164738,226.589675,0.147632,43.789897,281.641471,0.212817,49.364302,320.77634,0.156919,46.472167,335.385529,0.1577,47.943032,319.199928,0.158036,44.698906,355.65438,0.129073,37.395963,255.155561,0.154108,41.652061,291.593768,0.155703,29.885162,203.128449,0.181239,50.017091,324.867006,0.157546,41.184433,274.991004,0.154986,46.091986,319.919197,0.147158,64.521497,431.625476,0.151202,37.343864,240.582889,0.191178,48.062335,407.759475,0.122701,30.977386,227.794846,0.140673,26.210084,198.441421,0.144061,45.867348,313.307604,0.170424,42.194973,287.611378,0.150127,38.223519,272.06331,0.143821,24.526993,171.844648,0.159931,28.090585,203.83644,0.143483,33.360177,266.193606,0.130581,40.774039,319.032019,0.131103,35.090999,268.808437,0.13419,33.412259,258.82703,0.132932,30.236455,221.935876,0.144538,23.777206,213.990367,0.117122,35.226587,232.568919,0.155149
66.44,0,0,0,31.289874,257.726363,0.123288,31.789942,242.129183,0.135017,29.029675,234.402558,0.126975,44.696771,316.242905,0.149737,40.553709,294.200966,0.142208,38.353158,272.878657,0.161002,63.651338,443.107464,0.147814,59.767903,441.653559,0.138818,31.896748,225.93116,0.146868,43.708243,281.000332,0.210446,49.354706,320.01772,0.157258,46.321518,335.321785,0.157588,47.839381,318.59873,0.157758,44.543992,354.8351,0.128974,37.244855,254.817327,0.153578,41.559732,291.149713,0.155337,29.785525,202.742964,0.180876,49.920515,324.218386,0.157605,41.052759,274.73324,0.154658,45.827055,319.218772,0.146713,64.339544,431.444244,0.151073,37.09356,240.144324,0.190411,47.587515,406.8319,0.121337,30.860191,227.335257,0.140416,26.108316,198.029084,0.144079,45.735059,312.891905,0.170444,42.076642,286.979328,0.150408,38.157166,271.547279,0.143869,24.493995,171.621761,0.159948,28.034025,203.40859,0.14331,33.133596,265.890808,0.129807,40.595057,318.54676,0.130787,34.961907,268.322985,0.133918,33.366109,258.473618,0.133001,30.103641,221.724542,0.14416,23.595672,213.644013,0.116664,34.905061,232.060372,0.153281
71.44,0,0,0,31.282543,256.815429,0.123395,31.972149,240.995799,0.136445,28.96677,232.420333,0.127651,44.74922,315.714254,0.151012,40.528461,293.81819,0.142504,38.231421,271.874508,0.159994,63.769779,441.465272,0.148538,59.855662,439.966691,0.139494,32.084567,225.113063,0.148308,43.621052,280.215463,0.207688,49.258832,319.430472,0.157439,46.188111,333.189145,0.157358,47.912871,317.135642,0.158908,44.641568,354.248044,0.129369,37.347115,253.952923,0.154553,41.456345,290.277118,0.155645,29.838372,202.03331,0.18387,49.828863,323.522246,0.157602,41.099041,273.997853,0.155335,45.944687,318.173296,0.14767,64.175742,429.966863,0.151178,37.101914,239.698289,0.190582,47.791718,405.07067,0.122535,30.901288,226.588513,0.141039,26.171731,197.193796,0.145175,45.857205,311.642671,0.174797,42.158898,286.540005,0.151019,38.292348,270.555242,0.144958,24.625156,170.173138,0.161768,28.100823,202.891046,0.144429,33.313109,265.683482,0.130602,40.887934,317.867059,0.132012,35.091188,267.892711,0.134579,33.412507,257.579155,0.133679,30.318661,221.238498,0.145407,23.745579,212.782176,0.117623,35.083369,231.292482,0.154902
76.44,0,0,0,32.056043,258.681488,0.125754,32.775009,241.587709,0.139823,29.931023,234.291512,0.13073,45.549236,317.491329,0.15562,41.295532,295.708144,0.144145,38.944943,273.56364,0.165232,64.662043,444.001726,0.150156,60.580124,442.368552,0.140801,32.689613,226.35052,0.150741,44.36783,281.597466,0.218163,50.020241,320.840902,0.159317,47.134067,333.495649,0.161889,48.721675,319.556607,0.16062,45.408743,356.75967,0.131045,38.175193,255.010025,0.157785,42.027502,291.597836,0.159632,30.457156,203.037286,0.188898,50.680133,324.604469,0.160201,41.832417,275.390381,0.157656,46.67072,320.088414,0.149192,64.7559,432.406539,0.151794,37.84609,240.974719,0.196413,48.252939,407.653799,0.123817,31.677339,227.12327,0.144486,26.843256,198.4264,0.148346,46.340807,313.048213,0.181473,42.872657,288.656839,0.152495,38.817427,271.919769,0.146442,25.262974,171.014391,0.167071,28.742298,203.311734,0.147474,34.034485,266.978256,0.132949,41.426122,319.021618,0.133257,35.851834,267.84098,0.137878,34.119123,258.043546,0.136537,30.863782,222.397347,0.148894,24.551861,211.557095,0.122396,35.869304,232.839737,0.158375
81.44,0,0,0,31.152987,256.312072,0.123366,31.796501,239.10536,0.137289,29.004296,231.577445,0.128444,44.523716,315.511974,0.152117,40.330533,292.844456,0.142395,37.888599,271.932122,0.16167,63.788404,442.334338,0.148443,59.79669,441.448309,0.139073,31.743308,224.354723,0.147605,43.484187,279.285755,0.217638,49.299672,318.795153,0.157869,46.686916,330.018972,0.162564,47.816816,316.490838,0.159057,44.703106,354.622026,0.12973,37.383034,253.146852,0.155791,41.474175,289.148502,0.157662,29.876518,201.360274,0.185262,49.986881,322.76705,0.158661,41.119589,273.409564,0.155982,45.860079,318.052561,0.147683,63.989702,430.985695,0.150299,37.084471,239.704269,0.193615,47.439595,407.654501,0.121592,30.94918,223.766375,0.143461,26.039004,195.431125,0.146426,45.867478,313.058429,0.17429,42.318803,288.9064,0.150084,38.212886,270.561396,0.144967,24.598969,168.734859,0.164666,28.257608,203.370049,0.144973,33.367698,263.912005,0.132018,40.796071,315.339393,0.132841,35.481493,261.757747,0.140144,33.684917,253.394354,0.137474,30.379763,219.746393,0.148231,24.625407,202.389505,0.128472,35.110413,231.336095,0.156151
86.44,0,0,0,31.843382,251.364689,0.12859,32.361539,236.07072,0.141513,29.816472,226.999901,0.134837,45.270036,311.824951,0.157172,40.94525,289.334863,0.146318,38.564552,268.718582,0.168271,64.348344,437.130298,0.151779,60.496461,436.43266,0.142876,32.510474,221.290748,0.153503,44.160163,275.59255,0.222632,49.81959,315.395612,0.161385,47.127291,326.444601,0.169764,48.454523,312.344773,0.163337,45.446059,349.897965,0.134006,38.021146,249.404672,0.161322,42.279606,285.446976,0.165199,30.538929,199.007178,0.193999,50.529497,318.783018,0.162871,41.674451,270.192709,0.160373,46.524768,314.784078,0.15133,64.629883,426.035301,0.153677,37.749292,237.259871,0.201057,47.865547,402.419416,0.124593,31.673161,219.449149,0.14987,26.932973,191.240658,0.156298,46.514,310.073076,0.183384,43.032332,284.956554,0.155241,38.938619,267.308536,0.149823,25.663044,164.010846,0.176002,29.061638,201.245159,0.150353,34.26167,258.921439,0.138592,41.723694,309.547736,0.138843,36.852042,252.447947,0.152013,34.763477,246.085391,0.147436,31.10839,215.521095,0.154531,26.579528,188.520278,0.148672,35.734371,228.992144,0.160558
91.44,0,0,0,32.357564,249.621746,0.131621,32.695083,236.57177,0.142852,29.870785,229.586185,0.133408,45.446897,313.493081,0.157368,41.182418,290.595212,0.14658,38.637705,270.124401,0.170415,64.53008,439.185385,0.151734,60.57643,439.291068,0.142104,32.538808,222.354529,0.152988,44.306684,276.286907,0.230436,50.064206,315.982347,0.162033,47.3621,326.327562,0.168625,48.813434,312.539656,0.164521,45.722636,350.954025,0.134429,38.238249,249.678779,0.162035,42.34333,286.838819,0.164065,30.739441,199.512337,0.194978,50.727975,319.007251,0.163614,41.779696,270.838745,0.160669,46.423999,316.205968,0.150414,64.546179,428.791561,0.152677,37.732144,237.876964,0.202756,47.773557,403.565582,0.123949,32.135905,218.338576,0.152757,27.242258,190.331607,0.159053,46.578125,311.349758,0.180838,42.968359,285.204186,0.154917,39.065718,268.449124,0.149641,26.008519,162.686723,0.181011,29.078311,201.811225,0.150172,34.552964,258.42686,0.140708,42.049601,309.538896,0.139964,37.836737,247.150667,0.160861,35.419585,243.191138,0.15283,31.514537,214.984907,0.158165,27.903581,178.566552,0.165118,35.805647,229.910299,0.161422
96.44,0,0,0,32.964374,242.787613,0.137793,32.303478,235.323244,0.141768,29.696934,228.761517,0.133106,45.132269,312.559024,0.155605,40.904219,289.527458,0.146172,38.148326,269.582094,0.168362,64.311185,438.552929,0.151461,60.263512,439.495372,0.14117,32.245523,221.593231,0.152173,43.999247,275.292089,0.230084,49.684215,315.227968,0.161021,47.461219,323.270059,0.168568,48.498198,311.642822,0.163941,45.377937,350.48378,0.133526,37.891331,248.548104,0.161501,42.095683,286.106286,0.163003,30.420737,199.216018,0.1947,50.383846,318.227754,0.162954,41.388384,270.207574,0.159652,46.096182,315.312788,0.149677,64.096165,428.144849,0.151764,37.336707,237.18563,0.201475,47.345455,403.049307,0.123022,31.859394,216.218999,0.15303,26.910471,188.13978,0.159847,46.164402,310.801508,0.179098,42.605476,284.649469,0.153879,38.680285,267.399445,0.14909,27.103223,139.680488,0.236155,28.615828,199.786982,0.149579,34.380123,256.101412,0.141299,41.801644,307.168081,0.14047,38.001781,241.175519,0.166266,35.399277,239.063035,0.155666,31.16202,212.911452,0.158046,28.496129,169.223454,0.177492,35.257201,229.465981,0.158836
101.44,0,0,0,31.617566,241.079268,0.133218,31.380096,231.517795,0.139891,28.682566,225.258036,0.130884,44.067957,308.507724,0.154651,39.898522,284.945813,0.144634,37.143802,266.719012,0.164531,63.014627,433.94243,0.149702,59.162094,434.382922,0.139909,31.060193,219.184716,0.148166,42.960269,271.889733,0.223027,48.504586,311.91533,0.158767,46.621033,317.778475,0.1701,47.572007,306.499764,0.163408,44.430509,345.557626,0.132604,37.013101,244.79719,0.159632,41.186952,283.563929,0.159825,29.635711,197.190386,0.187804,49.338572,314.308283,0.16133,40.373308,267.502761,0.157016,45.149563,312.07403,0.148056,63.002725,423.245182,0.150906,36.424563,235.073155,0.197417,46.357036,399.136866,0.121534,31.026652,211.788412,0.152296,26.153628,183.947918,0.158775,45.532891,305.58728,0.179807,42.153572,278.535687,0.155432,37.939905,262.575573,0.148849,32.31664,96.587471,0.37574,27.911592,194.12007,0.150488,33.747102,250.996362,0.141967,41.059624,301.55899,0.140588,37.817245,233.141821,0.172244,34.98531,231.844928,0.159291,30.548707,208.529762,0.158471,29.209026,155.151843,0.197656,34.386897,226.567205,0.156149
106.44,0,0,0,32.505412,243.151069,0.135662,32.420059,231.673907,0.144726,29.788377,224.094258,0.136296,45.16665,308.091643,0.159847,41.005287,283.851049,0.149569,38.101799,266.900329,0.171494,64.11452,433.539453,0.152903,59.976492,435.70763,0.141946,31.977969,218.927184,0.152813,43.753909,270.921845,0.232998,49.650918,311.918655,0.162833,47.69362,316.215302,0.176596,48.557855,305.078604,0.167675,45.741208,343.949627,0.137604,38.168096,242.697821,0.16675,42.605474,282.619496,0.166084,30.891749,195.089028,0.202444,50.268615,313.429321,0.165131,41.470698,266.889234,0.161901,45.999493,312.181279,0.150962,63.94198,422.324959,0.153622,37.438657,234.196375,0.203572,47.35572,399.826724,0.124603,32.371654,208.367304,0.16171,27.508465,180.96846,0.171389,47.155408,297.083175,0.198559,45.179282,262.911036,0.177944,39.427919,257.268839,0.158878,34.50925,91.951479,0.414906,30.048756,183.179894,0.173415,35.18006,246.9242,0.152373,42.479845,297.39414,0.148415,39.902466,223.699405,0.192665,37.099611,221.302201,0.179461,32.122337,202.318827,0.174095,32.247075,137.433052,0.246927,35.248155,226.403085,0.161096
111.44,0,0,0,32.139764,244.74815,0.133158,32.111114,231.950312,0.142946,29.913445,222.330618,0.138054,45.222421,307.578219,0.159599,41.217737,282.628374,0.151067,37.915653,267.561548,0.166116,64.115019,433.633092,0.1528,59.823868,436.111266,0.141248,31.825225,219.862708,0.151281,43.842782,269.415556,0.233443,49.741905,311.180678,0.163501,48.534805,309.656497,0.181714,48.743368,303.94227,0.16882,46.035707,339.873104,0.140357,39.159559,233.862497,0.176847,43.782495,273.558282,0.175123,31.667309,186.195483,0.215256,50.694115,310.463683,0.168149,42.048503,264.355639,0.165457,46.146245,312.055274,0.151423,63.997916,420.259005,0.154663,37.900055,230.596762,0.204819,47.105238,400.042507,0.123756,33.223622,199.745822,0.172941,28.229026,173.287374,0.184291,49.758846,274.43674,0.228275,51.123917,215.383785,0.248806,41.022925,241.542733,0.176562,34.731923,89.253761,0.42952,33.014064,156.103245,0.222187,36.451767,235.041272,0.171704,43.599373,285.936035,0.16072,42.359865,201.108804,0.233795,39.780262,195.336636,0.220221,33.601358,187.521394,0.200504,35.112519,112.089514,0.33037,35.400324,224.872304,0.162722
116.44,0,0,0,32.158948,247.154768,0.132208,32.726587,231.269039,0.14593,30.486397,221.970967,0.14086,45.728776,306.30911,0.160749,41.641819,281.181324,0.153339,38.169158,268.506902,0.16419,64.819476,430.379643,0.155534,60.297034,436.331384,0.142218,32.036643,221.357584,0.150869,44.802166,262.435045,0.23956,50.853021,305.208641,0.169968,51.180818,288.41568,0.20727,49.691168,299.070842,0.174453,48.004115,326.61828,0.153515,43.403257,201.73165,0.226482,48.312907,239.549043,0.225051,35.17028,160.902458,0.28581,52.698819,297.573889,0.183954,44.570744,253.153946,0.183006,46.990105,309.183172,0.155892,65.80246,410.47093,0.163573,40.242318,216.790506,0.227159,47.375768,401.642218,0.123305,36.380618,176.90702,0.214576,31.114812,152.76791,0.23764,56.879263,224.345501,0.320123,62.122967,148.88046,0.448367,46.586213,199.829076,0.245448,36.367979,81.870579,0.498703,40.133104,109.151602,0.382823,40.262044,208.700049,0.230491,46.963433,263.070329,0.194206,46.9871,172.356891,0.30191,45.404593,157.122036,0.31416,38.348166,154.33035,0.290332,38.518255,93.29027,0.442709,37.067276,215.891587,0.177554
121.44,0,0,0,31.602836,244.457523,0.131197,32.857151,223.95621,0.151352,30.392584,214.650521,0.144732,46.191384,294.39749,0.169376,42.160086,268.855804,0.162193,37.963146,264.35221,0.163685,66.23066,412.402205,0.165934,59.981937,431.644492,0.143054,31.734629,217.750873,0.151823,46.929619,237.972051,0.259484,53.059497,280.38008,0.19266,57.796145,226.633496,0.299476,51.041776,278.331314,0.191318,53.163868,270.740828,0.206799,50.594897,147.018722,0.365766,55.52167,181.008049,0.344564,39.071579,127.640148,0.388676,56.311502,262.557691,0.226167,50.326517,204.838373,0.262226,48.043309,294.251952,0.168343,69.239933,378.196378,0.190753,46.683477,161.148611,0.348236,46.59199,398.024127,0.1221,40.248345,141.123348,0.300082,34.82945,118.653594,0.343677,65.52208,161.881806,0.48044,67.83638,119.260214,0.612374,53.193632,147.683575,0.37685,36.921096,73.645899,0.570374,42.990324,89.521254,0.500694,44.751071,169.862607,0.318733,50.978077,225.26176,0.25512,49.824727,148.987214,0.365509,48.545485,131.849618,0.395575,42.528882,122.467398,0.396569,39.606976,83.689672,0.50639,39.915488,187.422797,0.221198
126.44,0,0,0,33.928611,231.057344,0.149535,35.741894,204.11989,0.18095,34.172814,187.766109,0.185936,50.589156,263.672078,0.208557,47.037659,232.068756,0.210138,40.237841,251.698716,0.182891,73.42725,365.882528,0.208788,62.502521,416.637556,0.155629,33.287208,210.798539,0.164081,53.584799,193.964056,0.351458,60.266933,233.068602,0.263845,67.347265,173.89234,0.426414,56.84426,241.601475,0.244402,68.617801,185.578261,0.382398,55.846223,123.761037,0.478667,62.771005,142.117927,0.480418,43.437211,106.736692,0.490511,65.820238,204.417355,0.337708,61.611269,153.130855,0.413938,53.838161,257.82647,0.21897,79.018031,317.692231,0.268991,55.856026,119.115382,0.526212,48.439375,390.38033,0.129345,45.546424,114.029619,0.418369,39.749251,94.225517,0.475288,71.542525,136.151906,0.61349,71.708548,111.784988,0.693617,59.040183,121.737898,0.50446,38.557899,70.271792,0.619208,45.413774,82.773819,0.572501,50.499482,138.673747,0.414428,56.628051,192.574451,0.331085,53.195048,136.477686,0.421294,51.983231,119.447652,0.456786,46.220399,107.418467,0.479065,41.207751,80.920428,0.545527,48.228158,137.025139,0.363127
131.44,0,0,0,37.695944,202.017882,0.192302,40.311765,167.423742,0.250268,42.640498,131.476769,0.332191,57.785998,206.004955,0.299541,56.032479,168.159722,0.339283,43.852997,219.495601,0.224339,84.476628,297.439772,0.297782,67.487844,375.088895,0.187812,36.175357,184.2896,0.199251,59.488462,154.99876,0.458598,67.738736,185.609498,0.370836,71.405338,152.585301,0.505119,62.880811,193.858606,0.334674,68.802132,185.656799,0.384372,57.67269,114.131942,0.530391,65.947247,126.505442,0.556799,45.234405,97.656746,0.543333,72.469329,166.00009,0.449116,64.121785,148.233891,0.450831,62.486396,203.263506,0.320597,90.69167,245.473294,0.391298,58.094057,107.729144,0.604009,51.057642,366.541499,0.144991,47.279408,105.122763,0.471123,41.874908,84.44511,0.553346,73.555748,127.690187,0.654574,73.131345,108.965767,0.725312,61.087417,112.459533,0.562612,38.849847,68.990072,0.633439,46.282788,79.654229,0.607556,53.317927,122.934079,0.47459,59.809923,174.035994,0.380738,54.602231,129.480262,0.451687,52.856055,116.628195,0.476153,47.410264,101.877132,0.515578,41.488255,80.217736,0.555025,53.07537,113.469266,0.489294
136.44,0,0,0,41.60544,177.337969,0.241779,45.189228,136.242858,0.344445,44.829013,123.230336,0.374483,64.644927,165.636831,0.407517,58.668312,155.365443,0.385227,51.254631,168.509424,0.33787,93.986418,247.062068,0.392646,84.411378,270.364953,0.319711,43.575209,140.611786,0.303826,63.16694,137.347433,0.54799,72.531701,161.055212,0.458255,73.688895,142.866878,0.553179,67.714343,167.698875,0.411793,69.52284,181.249948,0.399208,58.9064,109.474346,0.564047,67.304187,120.317862,0.600034,46.003263,93.826227,0.57175,75.878009,150.286769,0.516765,65.614681,144.934672,0.476913,68.545886,176.677122,0.402185,98.753977,208.143046,0.49642,59.446808,101.003937,0.65934,60.448412,283.15029,0.219741,48.287006,101.030415,0.503238,42.910471,80.543198,0.594697,74.38687,126.23681,0.660036,73.926612,109.032793,0.73621,62.144357,109.234982,0.591821,38.871187,69.261543,0.628171,46.576843,78.946892,0.616981,54.915499,116.546579,0.506678,61.755932,164.613054,0.408659,55.478179,126.78099,0.465053,53.126063,116.131163,0.479914,48.132847,99.95585,0.531495,41.474839,81.205595,0.549692,55.325906,105.251297,0.56062
141.44,0,0,0,43.532543,166.084818,0.270447,47.600915,121.390482,0.406111,45.269047,118.766306,0.393396,67.466334,151.574755,0.462688,59.776611,148.312592,0.411277,56.345505,140.720728,0.441126,100.362169,218.632607,0.468291,84.607585,274.939064,0.319482,45.047876,133.928671,0.329739,64.613345,131.033995,0.581488,74.822937,150.89491,0.506631,74.678072,138.804115,0.571835,69.448161,158.182048,0.447459,70.036616,178.186494,0.410066,59.327101,106.879141,0.581705,67.86037,117.891745,0.615022,46.408032,92.455436,0.586455,77.458938,143.801523,0.552896,66.58345,141.423585,0.498855,70.907565,166.755153,0.440407,101.737949,195.893337,0.543415,60.066274,97.314167,0.692817,72.887524,226.151518,0.332626,48.592363,99.408191,0.517381,43.323596,78.856352,0.612125,74.098723,127.862669,0.646188,73.895488,109.335473,0.728502,62.30808,108.30221,0.597247,38.420034,71.144079,0.601771,46.487241,79.509588,0.611831,55.618353,113.36196,0.521676,62.588778,159.42928,0.421871,55.53957,126.220393,0.466546,52.942112,116.783507,0.476251,48.055274,99.544042,0.533857,40.965118,82.806677,0.529032,56.093225,101.109556,0.596163
146.44,0,0,0,44.444642,157.563648,0.291644,48.95411,113.63662,0.447136,45.797462,113.602084,0.416328,68.476747,145.486153,0.490134,60.390873,141.733103,0.435025,58.373757,129.135487,0.498113,102.440651,207.884133,0.502057,85.167681,264.286191,0.334364,45.394049,128.072299,0.347841,64.790163,127.581942,0.606665,75.61847,145.774844,0.531833,74.868643,136.256169,0.584949,69.993735,151.508025,0.47072,69.836697,175.971049,0.414171,59.361606,104.820329,0.592753,67.849291,116.245397,0.625188,46.216187,91.567165,0.588854,78.112633,139.313077,0.577831,66.861539,138.191295,0.517667,71.927766,159.712878,0.467026,102.588532,190.820732,0.564055,60.242539,94.069991,0.718955,72.378575,223.311853,0.335362,48.450172,98.510315,0.52303,43.325513,77.51598,0.627335,73.222162,130.388773,0.629141,73.401664,108.722541,0.731479,61.793567,108.432263,0.59103,37.621452,73.814457,0.567874,46.036201,80.766752,0.598003,55.668095,111.279372,0.53089,62.853427,155.765442,0.428956,55.231493,126.115093,0.46458,52.454777,117.035053,0.470763,47.897837,99.182327,0.530228,40.169306,85.375165,0.499588,56.321478,98.080274,0.624903
151.44,0,0,0,45.146958,153.450534,0.304968,49.599304,110.871652,0.464726,46.054165,111.100775,0.429385,68.471309,145.106528,0.493494,60.658468,139.270345,0.445277,59.192118,124.733227,0.522011,103.373571,204.491619,0.514604,85.509931,258.786227,0.342253,45.897734,124.618834,0.362081,64.442087,127.792444,0.605263,75.764645,146.110335,0.532077,74.480315,136.901095,0.576807,70.415796,149.114393,0.482807,69.081609,179.729748,0.401161,58.824438,105.68429,0.583066,67.316888,117.525457,0.606342,45.838218,93.315011,0.571637,78.046829,138.534733,0.582113,66.886032,137.764086,0.518581,71.871145,158.135432,0.471152,102.335898,190.921705,0.562199,60.070009,93.479485,0.717573,72.491446,217.165687,0.346012,48.070639,100.167265,0.51226,42.963761,78.122901,0.613026,71.775701,136.568462,0.5789,72.865287,110.051047,0.712234,60.738167,112.152373,0.560132,36.41413,79.95749,0.499986,45.16129,84.477845,0.56108,55.314662,112.15173,0.518508,62.530726,156.273758,0.421664,54.505152,128.844086,0.448397,51.705705,119.647654,0.453014,47.245189,100.970943,0.511993,39.013856,90.30395,0.457161,56.218873,98.302195,0.624132
161.44,0,0,0,45.922856,151.176418,0.313973,49.763328,110.783871,0.465456,46.010073,111.965141,0.424344,67.301396,151.206792,0.463278,60.763441,139.837255,0.445174,59.510335,125.050122,0.516601,102.920882,208.22109,0.502339,84.887834,261.622713,0.335451,46.236988,123.773162,0.366978,63.305931,134.354077,0.5683,74.283805,153.950189,0.494154,73.027851,143.516814,0.538796,70.264838,150.735661,0.477268,66.465356,196.540049,0.352325,57.764002,111.029142,0.538954,66.257665,123.777994,0.555549,44.541486,101.170602,0.507339,77.46963,140.697184,0.569312,65.953185,141.789808,0.491611,70.551819,162.716391,0.449298,100.298113,198.766558,0.530559,59.606992,95.150984,0.703155,72.285445,214.280356,0.349497,46.891145,107.017336,0.467724,42.339114,81.776906,0.569113,67.374911,160.588646,0.458668,71.442403,114.923358,0.661883,57.473059,130.362029,0.450564,33.510371,98.781042,0.366435,43.088713,96.673465,0.470783,54.379375,118.123472,0.475682,61.529775,162.981381,0.394878,52.730186,138.73496,0.405647,49.84587,128.302827,0.40553,46.032029,106.853056,0.464113,36.278965,106.400721,0.353547,54.944675,101.830072,0.592241
171.44,0,0,0,45.127432,153.432927,0.303552,49.060247,114.033346,0.443307,45.022219,118.980842,0.390546,64.814578,163.726621,0.409945,59.48313,145.488553,0.420049,58.051856,131.125885,0.479866,99.864736,222.499705,0.454944,81.98447,275.777467,0.30645,45.335666,126.082725,0.352791,60.365128,147.752868,0.503681,71.021893,170.720079,0.4269,69.726464,159.473415,0.467285,68.809816,156.543509,0.451317,62.77936,220.337157,0.296742,55.705989,120.410011,0.475254,63.472487,134.169339,0.484579,42.289555,112.933511,0.427493,75.918459,146.055895,0.539474,63.610698,152.822739,0.436049,67.195312,175.45388,0.398377,95.522619,218.740033,0.460754,58.110028,97.60782,0.666119,69.8927,224.546894,0.321562,45.006739,116.481032,0.412055,40.868335,87.640379,0.502825,60.912016,196.176361,0.342737,69.340598,122.895316,0.595017,52.242504,160.067311,0.332744,30.55633,116.335984,0.284505,40.21214,111.726503,0.380035,52.373235,127.864937,0.417519,59.302668,173.833346,0.357988,50.285157,151.299212,0.360899,47.37641,140.128056,0.350861,44.310542,113.87396,0.410169,33.101566,123.149556,0.277639,52.494501,111.797553,0.515264
181.44,0,0,0,43.73664,160.952864,0.279301,47.480651,120.54343,0.405185,42.213894,132.432232,0.328557,60.726017,185.110838,0.339783,57.157078,156.872742,0.375745,54.846917,146.045866,0.406942,94.37395,248.057434,0.387513,77.071163,299.487086,0.264552,43.618316,131.635595,0.324835,56.589848,166.365925,0.433849,66.393872,194.302953,0.353198,64.272431,190.682334,0.366399,66.590733,166.489757,0.412017,59.006117,242.677693,0.25271,52.602364,135.934349,0.39497,59.998702,150.089257,0.406362,39.69903,127.012552,0.358716,73.702961,154.661227,0.497309,59.754098,171.279528,0.36467,62.732278,193.004411,0.342032,88.968305,249.336178,0.380627,56.284195,102.40747,0.617419,66.03369,243.558168,0.280635,42.744604,128.533328,0.35425,38.983515,96.971789,0.429865,55.771938,223.327569,0.281661,66.250022,137.284427,0.504609,47.354761,187.712737,0.257502,28.51241,127.805052,0.242603,37.365498,127.494975,0.309278,49.64628,140.708145,0.355314,56.520887,187.291304,0.319015,47.911255,163.354694,0.32296,44.638682,153.273013,0.300599,42.516795,122.00342,0.361794,30.88383,136.10944,0.235164,48.621959,131.232729,0.412725
191.44,0,0,0,41.123253,171.351603,0.245589,44.967776,129.885088,0.353251,39.04661,147.819434,0.270808,56.348849,206.163991,0.282959,53.707248,173.040925,0.320541,50.338066,167.61074,0.326278,87.432095,277.885344,0.32294,71.993537,320.445586,0.230306,41.45791,138.411295,0.29386,52.94459,180.619414,0.381792,62.240331,212.912227,0.304211,58.753067,220.080736,0.293004,63.383777,179.964766,0.362118,55.746011,258.513861,0.22291,48.883508,154.322758,0.322051,55.62166,167.806881,0.336481,37.260728,138.498541,0.310565,70.742899,163.933684,0.450437,56.060737,189.1417,0.309482,58.423472,207.440589,0.299626,82.847017,274.126738,0.324435,54.033652,108.665336,0.559442,62.062467,258.359098,0.249151,40.000984,141.591106,0.298767,36.620547,107.566804,0.359465,52.226667,237.482788,0.249367,62.269312,157.9138,0.407375,43.962516,203.977284,0.2201,26.997107,134.507414,0.218146,34.84456,140.007032,0.261056,46.821278,153.589447,0.305348,53.498086,199.971237,0.283682,45.470431,173.256043,0.291355,41.946215,163.871186,0.263213,40.199362,130.338137,0.317331,28.739817,145.444093,0.20551,44.325477,151.511832,0.318202
201.44,0,0,0,38.827418,185.223486,0.213903,42.550824,143.697644,0.300776,36.757616,161.265837,0.233296,53.416423,222.433664,0.250832,50.664575,190.130661,0.275319,46.241649,188.568736,0.271796,81.293227,306.951197,0.272547,68.238583,337.32388,0.207404,39.541071,145.735469,0.267758,50.254507,193.429375,0.349828,59.273003,229.232096,0.270263,55.341149,240.173508,0.254925,60.117054,198.477532,0.31161,53.416752,273.393205,0.201341,45.823835,171.305524,0.272396,51.964384,186.364514,0.286823,35.472709,148.013872,0.282926,68.10151,175.181136,0.40381,53.304294,203.208294,0.272872,55.267624,219.348056,0.268847,78.564531,292.408182,0.287761,51.788537,117.279982,0.501696,58.556984,273.370679,0.223036,37.692605,155.688826,0.253191,34.70494,118.268466,0.309995,49.7612,248.605007,0.234783,58.370714,180.785737,0.330852,42.032317,213.917705,0.200802,26.034952,139.727045,0.205315,32.979162,150.369523,0.228029,44.340821,166.267537,0.266065,50.864255,212.730156,0.253329,43.535195,182.446924,0.266298,40.039311,173.177498,0.237283,38.147675,140.123981,0.27905,27.351676,153.982273,0.185664,40.960196,167.067133,0.261458
211.44,0,0,0,36.349068,197.800767,0.18703,39.70639,158.339529,0.254284,34.476275,172.751938,0.203893,50.990372,234.830248,0.227272,48.060765,203.731979,0.243306,42.970227,204.434947,0.23581,76.217062,328.91207,0.237782,65.415094,348.310386,0.192229,37.716703,153.634577,0.243193,47.484232,205.934779,0.315473,56.489723,243.713361,0.242093,52.705121,254.5217,0.230001,56.930724,215.480068,0.272374,51.302003,285.777665,0.184174,43.359465,185.177174,0.239236,48.573299,204.658942,0.2464,33.721223,156.662588,0.252058,65.137758,189.227263,0.353876,51.022918,214.415656,0.245593,52.641892,228.929717,0.243946,74.982851,309.197339,0.257049,49.034535,129.598859,0.429595,55.285401,286.568214,0.200829,35.530915,168.141309,0.219331,32.816458,128.922617,0.267751,47.715704,256.470713,0.21974,54.666945,200.545418,0.277744,40.361797,222.082437,0.185329,25.169305,144.367328,0.191473,31.436005,158.987165,0.20422,41.872501,179.007823,0.232832,48.32075,225.488404,0.225683,41.53188,191.394833,0.241198,38.302433,181.961238,0.215003,36.014877,151.124014,0.244264,25.776106,161.140406,0.166664,38.567633,177.704423,0.228033
221.44,0,0,0,34.385311,208.703754,0.167406,37.542711,169.875219,0.223776,32.782008,181.814151,0.184258,48.965357,246.585893,0.209405,46.106461,214.828277,0.221789,40.927884,215.605608,0.212626,72.491679,346.568526,0.214399,63.117469,357.790488,0.18052,36.162087,160.901969,0.223482,45.416397,216.747066,0.282462,54.181481,257.045192,0.219435,50.820484,266.225965,0.210016,54.307016,229.23494,0.245614,49.631754,296.682778,0.171388,41.413836,196.045687,0.217041,45.687937,219.754495,0.217663,32.580077,163.867014,0.235511,61.985587,205.217524,0.307819,48.937004,225.291192,0.223281,50.38227,238.662113,0.222145,71.731578,325.043315,0.231069,46.144195,143.425373,0.370727,52.508247,297.308387,0.184045,33.928245,177.483422,0.197741,31.173289,138.281245,0.237959,46.202037,262.790668,0.21123,51.395992,216.976967,0.240569,39.152447,228.608406,0.174971,24.552455,148.125749,0.18332,30.237097,165.486,0.188256,39.73078,191.831603,0.206157,46.156047,238.021216,0.202735,39.733842,200.083422,0.219522,36.703896,189.941269,0.197208,34.232072,161.489747,0.217671,24.887965,166.600642,0.15633,36.447507,186.277103,0.203648
231.44,0,0,0,32.793368,216.09023,0.154458,35.427511,178.607849,0.201165,31.364144,188.830791,0.169804,47.12397,256.349312,0.194717,44.424826,222.665213,0.206366,39.260854,222.861133,0.197821,69.626853,358.251208,0.198773,61.304017,364.299283,0.172229,34.793076,166.61295,0.208775,43.51816,224.704057,0.26891,52.139035,266.908143,0.202703,49.025248,275.482009,0.196632,52.189033,239.20665,0.226686,48.259602,304.012283,0.162506,39.730641,203.683035,0.201289,43.348415,230.389938,0.199009,31.371758,169.421712,0.22078,58.697655,221.156423,0.268887,47.152234,233.563175,0.20695,48.275236,246.297837,0.204203,69.096366,337.228313,0.212906,43.683146,155.603312,0.326527,50.511713,306.729689,0.171942,32.632805,184.143355,0.183135,29.846611,145.912551,0.216353,44.933507,267.998532,0.201831,49.12478,230.34532,0.215998,38.124699,233.592689,0.166741,23.917819,151.116589,0.175435,29.189196,170.85915,0.175721,37.598177,202.978185,0.184721,44.017777,247.651303,0.184685,38.329501,207.613805,0.201286,35.320701,196.649246,0.183141,32.53828,169.921215,0.196541,24.081244,171.586654,0.14695,34.812027,191.913298,0.188048
241.44,0,0,0,31.586599,219.428679,0.146477,33.877751,184.73332,0.186426,30.391695,192.134795,0.162026,45.653649,261.874398,0.184414,43.023683,227.33661,0.196055,38.144249,226.424576,0.190676,67.40487,365.263957,0.189129,60.020194,366.939088,0.168041,33.596722,169.690535,0.199124,42.264938,229.230212,0.256998,50.528979,272.476422,0.191775,47.723754,281.387348,0.192045,50.599784,245.888074,0.214551,47.175033,309.134868,0.156301,38.554304,207.853948,0.191924,41.603008,237.760402,0.187631,30.49329,172.461516,0.214868,55.875201,232.794722,0.242395,45.761195,238.916221,0.196871,46.841323,250.381099,0.194049,67.037184,344.939897,0.200563,41.758749,165.241546,0.294615,48.505703,312.703939,0.161863,31.660503,187.557887,0.174925,28.669026,150.574816,0.203094,43.956364,270.570918,0.19808,47.322575,239.108514,0.200872,37.348181,235.819894,0.16199,23.417194,151.701092,0.173133,28.446242,173.253829,0.169266,36.034657,210.254537,0.171601,42.480467,253.49227,0.173576,36.752614,212.486987,0.187013,34.156494,200.482651,0.173691,31.41498,174.79114,0.185675,23.468813,173.646213,0.141893,33.849736,194.051421,0.181359
251.44,0,0,0,30.929638,221.154494,0.141967,32.792847,189.306557,0.176549,29.592455,195.044635,0.155377,44.524885,264.439284,0.178534,41.955641,230.505051,0.188408,37.270313,227.921036,0.18524,65.548992,368.728078,0.181494,58.744324,366.420989,0.1641,32.723282,173.050915,0.190849,40.979227,231.496434,0.243389,49.469325,277.139659,0.184121,46.682102,284.331859,0.185339,49.226984,250.241358,0.205481,46.360188,311.002002,0.152627,37.728464,210.513009,0.18563,40.486725,242.236547,0.178712,29.922717,174.591469,0.20845,53.706,240.625802,0.22527,44.672527,241.709801,0.189626,45.519635,252.401222,0.186331,65.644148,348.894298,0.192932,40.029733,171.606605,0.277032,46.735129,312.87976,0.156224,30.925394,190.023216,0.168265,27.891881,154.510143,0.192383,43.146733,271.29983,0.193456,45.533959,243.324303,0.190105,36.700579,237.191681,0.158309,23.207962,152.858184,0.168933,27.86438,175.683141,0.163233,34.898804,215.535089,0.162916,41.189565,257.61709,0.165022,35.597193,216.20863,0.176285,33.206926,203.859402,0.166378,30.457735,179.149169,0.176473,22.944181,174.647048,0.137998,33.0648,195.446841,0.175697
261.44,0,0,0,29.902576,223.838586,0.135865,31.706966,193.80332,0.166747,28.719943,198.107243,0.148464,43.403452,268.097384,0.170908,40.906026,234.529843,0.180563,36.254059,230.69877,0.178611,63.927727,373.447904,0.174876,57.370635,369.151156,0.159085,31.92998,176.370321,0.183933,39.976613,235.46884,0.237393,48.29137,282.069919,0.176432,45.620016,288.78402,0.177602,47.822845,255.603485,0.195737,45.411138,314.114871,0.147808,36.848683,213.493376,0.179104,39.230531,246.902867,0.170151,29.16334,176.738934,0.200168,51.893144,247.711817,0.21127,43.588488,244.655206,0.182996,44.375205,255.206281,0.17912,64.212365,354.441199,0.185102,38.738105,177.695198,0.258135,45.227321,315.411827,0.150185,30.102741,192.65342,0.161468,26.918183,158.249825,0.181304,42.000683,272.941426,0.185392,43.647741,247.608355,0.178918,35.783809,239.163387,0.15303,22.657311,153.898474,0.164598,26.903963,177.522377,0.156443,33.756507,220.01162,0.154885,39.974651,262.32514,0.156841,34.255929,220.414892,0.165029,32.014922,207.792858,0.157497,29.479635,182.937686,0.168059,22.045966,174.902305,0.132961,32.14117,196.961291,0.168472
271.44,0,0,0,29.836668,225.068854,0.134763,31.055845,197.280346,0.160782,28.432183,200.700834,0.145364,42.87317,271.660114,0.167128,40.262111,238.102359,0.174938,35.866569,233.131893,0.177014,62.748202,378.71336,0.169635,56.764778,371.010724,0.157006,31.336992,179.221665,0.178758,39.513199,238.289454,0.232975,47.602982,286.088286,0.171458,44.889737,292.744633,0.172352,47.002897,260.986763,0.188616,45.214978,317.449756,0.146018,36.501888,216.016767,0.175705,38.909099,250.162134,0.167598,29.062712,178.88755,0.198663,50.671859,253.326637,0.201994,42.973782,248.185512,0.178172,43.760969,258.034624,0.174459,63.277237,359.365469,0.179623,37.827452,183.456081,0.243933,44.412353,318.532286,0.146555,29.946252,195.086147,0.158997,26.690441,161.591514,0.177209,41.80007,275.00247,0.185864,43.04238,252.395762,0.173227,35.8023,241.422789,0.151876,22.750713,154.806813,0.164319,26.839166,179.703558,0.154553,33.341971,223.791725,0.150993,39.494074,266.178323,0.152595,33.691885,224.642825,0.15822,31.65219,211.420783,0.153235,29.127385,186.35851,0.162833,21.987596,176.562505,0.131329,31.759844,198.487883,0.165879
281.44,0,0,0,29.642984,226.019731,0.133337,30.684783,199.713669,0.157369,28.273688,203.009085,0.142806,42.409454,274.028883,0.165674,39.705243,241.35209,0.170036,35.499678,235.046402,0.175141,61.701488,382.330916,0.165264,56.092469,372.677138,0.154469,30.864696,181.470712,0.17493,39.044404,240.767108,0.234677,47.098485,288.664331,0.16809,44.550692,295.736449,0.168828,46.287639,265.078632,0.183024,44.805326,319.854237,0.143406,36.073413,217.424735,0.17295,38.540972,252.178751,0.164227,28.967596,180.13988,0.201209,49.731836,257.46635,0.195525,42.500974,250.436849,0.174943,43.243052,259.792002,0.17111,62.539488,363.086869,0.175237,37.237443,187.35989,0.240991,43.701044,319.908624,0.143706,29.565602,196.88357,0.1556,26.334526,163.864783,0.173267,41.516878,276.252953,0.187517,42.188322,255.305531,0.167904,35.602611,242.871562,0.15032,22.707423,155.267073,0.164477,26.737045,181.020733,0.152795,32.912163,226.236633,0.147782,39.008255,268.858,0.148876,33.102762,227.285706,0.152981,31.174168,213.806598,0.149764,28.860295,188.748335,0.160306,21.811604,176.852952,0.130484,31.523592,199.357616,0.164673
291.44,0,0,0,25.592149,193.058304,0.136025,26.465086,172.299019,0.158946,24.196465,173.74463,0.144184,37.074302,235.92453,0.170782,34.357756,208.242955,0.171405,31.028735,202.785119,0.180988,54.061856,331.125452,0.168029,49.359295,321.706943,0.158181,26.996072,157.729052,0.17884,34.250498,207.772733,0.237277,41.372314,250.075654,0.170805,38.658191,255.776032,0.172757,40.090747,230.032698,0.183831,39.295972,276.013352,0.146766,31.830785,188.181295,0.178591,33.695337,218.248599,0.168691,25.475534,156.165582,0.207271,43.329124,224.660656,0.196228,37.188453,217.671373,0.177587,37.693145,225.355043,0.172254,54.395721,315.375846,0.175436,32.165391,164.684913,0.239631,38.196131,276.104141,0.14738,25.864165,170.006028,0.159616,22.916223,142.047572,0.177461,35.950726,239.712768,0.190366,35.959145,223.07025,0.165035,31.148133,210.263426,0.152973,19.877507,134.264351,0.170614,23.086653,157.230826,0.154247,28.532083,196.065417,0.149659,33.825664,232.057198,0.150272,28.497083,197.096302,0.152169,26.964731,185.60645,0.150674,25.133013,164.216996,0.163693,19.009545,152.421263,0.134879,27.561063,172.517069,0.168933
294.41,,,,,,,,,,,,,,,,,,,,,,,,,,,,,,,,,,,,,,,,,,,,,,,,,,,,,,,,,,,,,,,,,,,,,,,,,,,,,,,,,,,,,,,,,,,,,,,,,,,,,,,,,,,,,,,,,,
298.93,0,0,0,24.660044,189.448822,0.133911,25.614207,171.156228,0.155664,23.521947,170.798795,0.143246,35.965357,232.512498,0.171631,33.665836,206.58751,0.170091,30.184697,200.276268,0.182412,53.476931,333.122697,0.165511,48.874814,321.960489,0.157144,25.996686,156.627174,0.174607,33.058068,203.16787,0.243266,41.18744,252.223393,0.169028,37.984095,253.656676,0.179312,39.288082,230.768345,0.179749,39.033533,276.800069,0.145711,31.425892,189.223279,0.176307,32.831613,214.395932,0.169881,24.851829,154.223933,0.208913,42.519127,226.527772,0.190915,35.996426,213.39635,0.17537,37.156492,225.877332,0.169646,53.594743,314.469047,0.173578,30.928574,161.539209,0.25058,37.540095,278.223767,0.144259,25.612596,170.088248,0.158779,22.53665,142.03784,0.176865,35.245426,236.593557,0.197769,35.98356,226.865603,0.162075,31.013639,211.196272,0.151902,19.556875,134.291755,0.170229,22.664865,157.776522,0.151355,28.100765,196.551655,0.147299,33.270503,231.737277,0.148099,27.907656,197.607459,0.148358,26.268168,185.875089,0.146921,24.447175,164.258422,0.160402,18.463359,152.430545,0.131763,26.921392,171.355521,0.167046
303.93,0,0,0,25.221636,190.75,0.135934,25.944788,172.310412,0.156772,23.929541,172.34701,0.144374,36.585913,234.147032,0.174655,34.163428,208.035487,0.171126,30.542611,201.457317,0.18438,53.801896,335.222271,0.16601,49.29611,322.492152,0.158386,26.566852,158.120741,0.177354,33.704699,204.956416,0.250589,41.624339,254.984891,0.168381,38.3307,255.393428,0.182749,39.747138,232.526322,0.180544,39.72185,278.143552,0.147669,31.995338,190.145867,0.179066,33.40859,215.097133,0.174289,25.432283,155.137976,0.212605,42.989007,231.282165,0.189187,35.925056,209.286799,0.178372,37.74028,228.309392,0.170408,54.286693,317.037625,0.174156,31.37827,164.011408,0.248251,37.909809,279.020267,0.145603,26.152366,171.153623,0.161036,23.103634,143.06689,0.179352,35.759645,237.40669,0.204363,36.135865,228.027582,0.161906,31.581899,211.965761,0.154362,20.093081,134.779281,0.174045,23.183229,158.533645,0.154046,28.679715,197.655009,0.150175,33.771502,232.73207,0.149841,28.48585,198.726701,0.150892,26.849201,187.023709,0.149496,25.059658,165.165341,0.163978,19.135656,153.364608,0.135588,27.909775,174.318097,0.17021
308.93,0,0,0,25.430049,190.698136,0.136804,26.067008,173.035245,0.15689,24.247519,173.127389,0.145531,36.712502,234.365365,0.17525,34.206648,208.401993,0.171114,30.811083,202.41948,0.185286,54.705547,343.621099,0.163973,49.471319,323.566085,0.158193,27.37761,161.643046,0.178231,34.046795,207.545444,0.249396,42.45906,261.379857,0.167852,38.442533,256.377077,0.180655,39.812159,233.099021,0.180697,39.831722,277.81191,0.14824,32.167124,189.708044,0.180173,33.546316,215.243233,0.173628,25.585221,154.914142,0.216156,42.624699,226.624468,0.19248,35.688596,207.319991,0.179516,38.216313,229.819443,0.171353,53.948792,316.198742,0.173539,31.277314,163.72425,0.248035,38.182137,279.631207,0.146409,26.298345,170.885936,0.16213,23.27373,142.848657,0.181447,35.824932,237.513071,0.204741,36.107304,227.793712,0.162367,31.707996,211.84934,0.155286,20.261778,134.854992,0.175396,23.262932,158.654182,0.154534,28.746038,197.635379,0.15067,33.810045,232.915088,0.149831,28.434611,198.577701,0.150296,26.855831,186.903998,0.149716,25.112059,165.569844,0.163825,19.028548,152.330342,0.135696,27.618197,172.458554,0.170652
313.93,0,0,0,24.599205,192.22424,0.131426,25.291395,173.263774,0.152201,23.421814,173.807683,0.140234,36.05132,234.906161,0.170542,33.373327,208.872271,0.166491,30.429064,206.37871,0.172344,54.295195,343.229827,0.162371,48.87666,322.543074,0.156577,27.173838,163.090596,0.175192,33.194291,205.518957,0.241336,41.565757,256.901448,0.167226,37.52687,257.040653,0.172021,38.920799,234.180135,0.175883,39.111481,278.838613,0.144719,31.383206,189.810808,0.17511,32.908515,215.688911,0.167804,24.987333,155.572538,0.207581,41.827199,226.249158,0.188474,34.953793,208.202722,0.174449,38.08291,231.01212,0.169623,53.74997,315.607645,0.172932,30.701987,164.240313,0.238774,37.603702,278.538998,0.1441,25.533531,171.74672,0.156749,22.571084,143.405344,0.174918,35.08441,238.542466,0.194962,35.279158,228.096738,0.158045,31.012592,212.607277,0.1509,19.580318,135.058428,0.168487,22.585758,159.630454,0.149163,27.978501,198.462136,0.145932,32.940059,233.90109,0.145105,27.684365,199.650307,0.145188,26.049009,187.596319,0.144684,24.394391,166.417105,0.157862,18.305797,152.218483,0.131011,26.89511,172.57249,0.164922
318.93,0,0,0,24.87709,192.837353,0.132721,25.694795,173.714676,0.154372,23.657433,174.580655,0.140847,36.62817,235.710145,0.17409,33.821471,209.272852,0.168411,31.355751,209.905747,0.169379,54.720159,340.043564,0.165596,49.825975,322.646907,0.160259,28.176182,162.995636,0.182164,33.770585,205.358374,0.248448,42.125377,255.414403,0.170731,38.114489,257.842451,0.177222,39.378441,235.425928,0.17717,39.6306,280.362964,0.145933,32.073573,190.106836,0.179148,33.529655,216.224797,0.173619,25.426195,155.843362,0.213391,42.622061,226.814702,0.191963,35.521435,209.034867,0.177076,39.315169,233.050316,0.173862,54.734423,315.791842,0.176037,31.243753,164.658362,0.247081,38.352781,278.163845,0.148936,25.912518,172.255271,0.158702,22.979621,143.649931,0.178348,35.539371,240.041645,0.198709,35.628854,228.603259,0.159299,31.473209,213.710195,0.152529,19.809215,135.39121,0.170586,22.824622,160.261797,0.149914,28.437272,199.015732,0.148383,33.479186,234.847087,0.147083,28.017124,200.707835,0.146398,26.36451,188.305748,0.14588,24.656533,166.755259,0.159303,18.635216,151.504311,0.135874,27.71147,172.600867,0.170668
323.93,0,0,0,25.531584,195.857153,0.133947,26.279282,176.669103,0.155182,24.189848,177.034217,0.141735,37.338234,239.8747,0.172304,34.49103,212.010528,0.16947,32.28612,213.667549,0.169267,55.842159,343.523008,0.167867,51.166237,326.925215,0.162464,29.032068,164.948471,0.185318,34.586548,208.131771,0.260011,42.880805,258.166975,0.171829,38.935026,260.69214,0.180602,40.103526,238.854309,0.17804,40.311732,284.587191,0.14629,32.764924,192.722042,0.180382,34.396192,218.662404,0.174932,26.033786,158.242527,0.214908,43.430173,230.329987,0.192695,36.283077,212.560855,0.17823,40.534527,237.731634,0.175525,55.620147,320.528589,0.176325,31.878546,167.83299,0.250575,39.56159,281.821284,0.151357,26.473263,175.051609,0.159197,23.493016,146.191408,0.17822,36.290385,242.834653,0.199542,36.277114,233.117525,0.158764,32.060304,217.173032,0.152716,20.371844,137.531242,0.171326,23.259387,163.134648,0.150014,29.032989,201.648293,0.149227,34.098861,237.861804,0.14781,28.462078,203.541938,0.146391,26.962289,190.936439,0.146878,25.281568,169.601524,0.160091,19.071039,153.603457,0.135023,28.198067,175.338428,0.17058
333.93,0,0,0,25.066388,200.336805,0.128676,25.710044,180.629341,0.148338,23.530884,180.42448,0.135894,36.797035,245.533183,0.164849,33.770687,215.718186,0.163256,31.350154,213.771619,0.166259,55.789994,349.922624,0.164278,51.046779,331.540612,0.159339,28.638844,167.036546,0.181416,34.077269,211.150906,0.249451,42.387266,262.683479,0.166601,38.525801,263.857981,0.17495,39.485349,243.368142,0.171759,39.848722,290.088106,0.141606,32.205012,195.369564,0.174866,34.112712,222.212766,0.17091,25.423646,160.94257,0.205002,42.651789,235.256208,0.185281,35.592607,216.067649,0.171982,40.299418,243.060036,0.170515,55.256481,326.222142,0.171788,31.112935,171.829678,0.233418,39.213853,284.574355,0.1473,25.703569,178.384398,0.15196,22.759745,149.787716,0.168587,35.49976,246.665223,0.188666,35.304696,236.430973,0.152742,31.434446,221.217365,0.14678,19.612249,139.436869,0.164039,22.387541,165.885663,0.142542,28.46878,205.780796,0.143365,33.682213,242.935084,0.14277,27.769738,207.765021,0.139669,26.193271,194.595662,0.139969,24.766666,172.640427,0.15428,18.217911,155.359857,0.128491,27.636338,177.177165,0.165106
343.93,0,0,0,25.916004,203.154768,0.131396,26.43246,183.965705,0.150467,24.161754,183.290327,0.137717,37.608854,248.792785,0.167784,34.552342,218.644887,0.164954,32.139654,214.222481,0.17482,57.040399,354.400584,0.166602,52.140054,334.167278,0.162377,29.511945,168.531551,0.186936,35.40105,212.759711,0.265377,43.739293,265.931264,0.169727,39.84903,266.135992,0.183702,40.736146,246.137152,0.175935,41.082886,293.795512,0.144687,33.698486,196.7958,0.182819,35.139998,224.19247,0.176159,26.599737,162.499025,0.218184,43.668539,238.940634,0.187698,36.728723,218.080776,0.177161,41.305137,245.884359,0.172782,56.009416,330.887246,0.171614,31.820644,174.43494,0.240299,39.419942,285.668889,0.149243,26.801288,180.755583,0.156737,23.740795,152.626966,0.173418,35.804632,248.002339,0.196865,35.341088,238.408977,0.15176,32.429915,223.938783,0.150122,20.348656,140.75131,0.169348,22.924755,167.081529,0.14567,29.354295,208.888809,0.146112,34.528739,246.550113,0.144338,28.452322,210.940862,0.140977,26.743393,197.241878,0.141413,25.541568,175.242167,0.157704,18.588854,156.612343,0.12964,28.700709,178.433414,0.172031
353.93,0,0,0,25.787682,205.628117,0.129088,26.143827,187.028052,0.146679,24.040192,186.050314,0.134772,37.289271,251.589518,0.164638,34.472891,221.20089,0.163033,31.920088,216.037086,0.172412,56.717524,357.786845,0.164176,52.016927,336.099714,0.160775,29.357115,170.402195,0.184801,35.308212,214.566838,0.262595,43.708518,269.293401,0.167666,39.720509,268.618323,0.1807,40.65495,248.75745,0.173625,41.132964,297.151782,0.143023,33.440985,198.66633,0.179577,35.287439,226.331689,0.173855,26.613103,164.266048,0.212222,43.307139,242.384478,0.183964,36.705558,220.187448,0.175361,41.153661,248.020767,0.170458,55.424049,335.024803,0.167667,31.448537,177.206311,0.235561,38.819574,287.487366,0.145871,26.745916,183.149446,0.154259,23.514508,155.359202,0.169392,35.543208,249.748718,0.190985,34.517606,239.859442,0.147169,32.345766,226.280294,0.148174,20.197735,142.31316,0.165328,22.64935,168.737513,0.142483,29.150651,211.893612,0.143382,34.437035,250.254956,0.141608,28.122215,213.92209,0.137284,26.455179,199.765772,0.138295,25.337589,177.587461,0.154533,17.962567,158.44075,0.125119,28.528163,180.044327,0.169422
363.93,0,0,0,26.024801,207.586394,0.128772,26.340622,189.626895,0.145482,24.243026,188.11465,0.134053,37.188483,253.76928,0.16252,34.395051,223.288514,0.160862,31.931818,217.261301,0.171493,56.576384,360.243182,0.162621,51.959494,337.551715,0.159912,29.421623,171.607115,0.184204,35.001816,215.737808,0.260618,43.570644,271.671963,0.165868,39.68171,270.981866,0.178886,40.346727,250.579311,0.170858,40.929974,299.156228,0.141394,33.290738,199.324665,0.177702,35.198031,227.330758,0.171788,26.596797,165.019776,0.212422,42.940945,244.550479,0.181161,36.509635,221.98918,0.172943,41.025373,250.143532,0.16851,54.885283,338.062187,0.164513,31.313505,178.823569,0.235838,38.716441,288.068389,0.144812,26.714649,184.438068,0.152651,23.441139,157.022802,0.166398,35.374649,250.081591,0.188608,34.361184,241.873147,0.145358,32.480327,227.918624,0.147484,20.147111,143.471971,0.163764,22.606562,169.882153,0.140753,29.245103,214.162515,0.142343,34.453727,252.458727,0.140337,28.032372,216.165101,0.134855,26.434948,201.47592,0.137033,25.284457,179.250071,0.151865,18.095936,159.605261,0.124528,28.502547,181.54197,0.167105
373.93,0,0,0,25.548027,207.795629,0.126442,25.970999,190.98806,0.14333,23.748729,189.102997,0.131649,37.10111,255.337388,0.162086,34.227429,224.226077,0.159843,31.656838,217.561119,0.171971,56.665844,362.209809,0.162584,52.01044,338.452309,0.160184,29.276266,172.041896,0.184457,35.178434,216.101364,0.266394,43.720815,273.738311,0.165179,40.08974,271.344483,0.180284,40.536385,251.842375,0.171149,41.335978,301.214155,0.141985,33.60694,200.419925,0.179116,35.461214,227.801818,0.175544,26.863844,165.661521,0.217184,42.921026,246.581842,0.180214,36.695147,223.500527,0.173057,41.123097,251.475115,0.167912,54.487318,339.870938,0.162452,31.151665,180.157351,0.23839,37.84971,288.89077,0.142395,26.835124,185.626355,0.153134,23.349804,158.177697,0.166037,34.994842,250.570424,0.189664,33.6592,243.293698,0.141293,32.462501,229.308207,0.14689,20.135474,143.855462,0.1645,22.261598,170.646214,0.139069,29.070321,215.807803,0.141136,34.161924,253.992672,0.138616,27.646215,217.657903,0.132457,26.093459,202.540517,0.135093,25.235924,180.343069,0.151445,17.611947,160.610715,0.12165,28.448507,182.022521,0.167611
383.93,0,0,0,25.139285,209.29419,0.124078,25.623328,192.644072,0.140337,23.396682,190.507283,0.128858,36.835143,256.567383,0.16153,33.880702,225.284929,0.157463,31.390762,218.379372,0.169534,56.341636,363.816674,0.16076,51.886603,339.332615,0.159084,28.815446,173.105774,0.180545,34.939717,216.70357,0.257953,43.682028,274.909862,0.164222,40.033307,271.070377,0.181554,40.135364,252.333657,0.169178,41.091742,302.202216,0.14065,33.458883,201.115889,0.177137,35.255566,228.923315,0.172652,26.672376,166.007232,0.214754,42.637708,248.052776,0.178107,36.43232,224.798035,0.170753,40.752518,252.686256,0.165613,54.072124,341.970629,0.16015,30.763661,181.809568,0.227021,37.417486,290.148754,0.139364,26.626855,186.391973,0.151144,23.131999,158.991817,0.163764,34.642788,250.320958,0.185761,32.805228,244.501166,0.137373,32.272122,230.322033,0.145348,19.839385,144.621676,0.160826,21.887723,171.185522,0.136786,28.672668,217.329029,0.138301,33.770356,255.537628,0.136086,27.163377,219.038529,0.129479,25.562564,203.738779,0.131595,24.857506,181.404669,0.148284,17.125495,161.46789,0.118584,27.909918,182.74237,0.163505
393.93,0,0,0,25.416758,210.098589,0.124804,25.754495,193.298818,0.140521,23.509752,191.472967,0.128142,36.866241,257.646539,0.161371,33.769426,225.735671,0.15671,31.335455,218.702203,0.169273,56.320589,365.582426,0.159979,51.735281,340.592694,0.158326,28.879162,173.486859,0.181789,34.868627,217.264628,0.259169,43.482091,276.282064,0.16279,40.103042,269.99392,0.182771,40.174202,252.148837,0.169499,40.911574,302.898874,0.139775,33.352982,201.619168,0.176752,35.173558,229.245721,0.171977,26.415839,166.102171,0.213498,42.610337,248.885782,0.177483,36.376732,225.898813,0.169792,40.752557,253.312651,0.165189,53.839484,343.429859,0.158745,30.600074,182.848335,0.231373,37.045798,290.988902,0.137924,26.536873,186.881079,0.150121,22.98907,159.518693,0.162254,34.348988,250.683692,0.183147,32.643164,245.508479,0.135867,32.079147,230.605924,0.14434,19.569515,144.592649,0.158505,21.711514,171.419636,0.13545,28.442549,218.057997,0.136987,33.624845,256.037945,0.135095,27.000095,219.721378,0.127921,25.424423,204.139292,0.13043,24.59382,181.977568,0.145611,16.876133,161.942773,0.116079,27.92044,183.080655,0.163157
403.93,0,0,0,25.939847,209.080296,0.127753,26.10933,193.488305,0.142622,24.03002,191.214684,0.13142,37.336543,257.504985,0.16384,34.300469,225.276178,0.159769,31.890745,217.647396,0.175568,56.834285,365.401614,0.162013,52.362326,339.883005,0.160615,29.486552,172.872519,0.185782,35.411591,216.325043,0.27273,44.225267,275.978464,0.16604,41.219617,265.262624,0.195218,40.702478,251.145289,0.17276,41.680653,302.650707,0.142937,34.014835,200.997109,0.181261,35.821487,228.679931,0.175669,27.105879,165.701694,0.221802,43.280089,248.112774,0.181336,37.076347,225.573015,0.173536,41.349383,253.020611,0.167899,54.373923,343.506992,0.160378,31.136946,182.964894,0.23375,37.40801,290.11774,0.140647,27.155708,186.662838,0.154095,23.541957,159.34763,0.165951,34.729406,249.939639,0.188236,32.616762,246.281663,0.135095,32.668613,230.470756,0.147281,20.035763,144.360058,0.163032,22.148221,171.143073,0.138215,28.909416,218.0087,0.139088,34.083876,256.04765,0.13699,27.300652,219.758657,0.129228,25.797835,204.345909,0.132342,25.067478,182.070849,0.148825,17.45896,162.243732,0.119249,28.452983,182.155502,0.167836
413.93,0,0,0,25.577487,209.793985,0.125777,25.947694,194.249878,0.141092,23.868118,192.183133,0.130134,37.377208,258.296562,0.164598,34.225257,226.282301,0.15866,31.701416,217.938899,0.173976,56.777108,366.333005,0.161419,52.358798,340.433134,0.160555,29.241708,173.512268,0.183968,35.337312,216.108163,0.278354,44.058649,277.286683,0.164465,41.996131,260.436756,0.200909,40.550938,251.757118,0.171494,41.445027,303.363247,0.141671,33.931249,202.220105,0.179448,35.773753,229.683977,0.174536,27.088752,166.087439,0.219678,43.240341,249.285345,0.180638,36.938059,226.588612,0.172313,41.297076,253.938656,0.167031,54.084145,345.034139,0.158822,30.731408,183.962778,0.229578,36.861511,289.637831,0.138659,27.033406,187.340028,0.152954,23.334218,160.227263,0.164267,34.465961,249.867057,0.185139,32.039271,246.58751,0.132608,32.519807,231.015448,0.146155,19.81451,144.701818,0.161216,21.833737,171.569202,0.136059,28.699157,219.373048,0.137574,33.806387,257.226449,0.135191,26.88144,220.542772,0.126724,25.424183,204.999552,0.130222,24.884769,182.928902,0.147605,16.753629,162.429489,0.115137,28.439747,182.978098,0.166652
423.93,0,0,0,25.282201,208.764936,0.124793,25.830653,193.607734,0.141193,23.653335,191.692292,0.12962,37.098733,257.083244,0.163086,33.971744,225.492731,0.157868,31.276143,216.31457,0.174192,56.437168,365.325071,0.160914,52.069174,338.277976,0.16068,28.952286,172.55384,0.183563,35.091155,213.939717,0.286712,44.225981,276.967886,0.165481,42.480083,255.274642,0.210022,40.328237,250.403959,0.171256,41.225689,302.180917,0.141431,33.938752,201.437147,0.180574,35.737964,228.990328,0.176135,26.968916,165.136103,0.220336,42.998736,248.52356,0.180593,36.866378,225.621481,0.172842,40.979526,252.830451,0.166535,53.59859,344.105101,0.157721,30.430745,182.876523,0.230954,36.179768,286.201,0.13741,26.856333,186.64519,0.152414,23.218626,159.504228,0.163827,33.951743,247.934204,0.181962,31.293093,245.133677,0.13066,32.312581,229.835634,0.146091,19.502535,143.750456,0.15984,21.486071,170.383762,0.135233,28.526992,218.790647,0.137384,33.517753,256.748238,0.134397,26.384168,219.825542,0.125089,25.08305,204.103119,0.128996,24.587228,182.164378,0.146238,16.449679,161.712985,0.114353,27.934486,181.279531,0.165092
433.93,0,0,0,25.356193,209.282817,0.125268,25.678885,194.173864,0.139537,23.469856,191.93754,0.128448,37.006908,257.138251,0.162474,33.769396,225.646969,0.157018,31.328392,216.145161,0.174294,56.386775,365.144168,0.160943,52.022135,338.231316,0.160315,28.832256,172.680869,0.18352,34.99309,213.898902,0.274737,44.357495,276.78453,0.166072,42.733792,251.865701,0.214847,40.035151,250.629099,0.169601,41.270878,301.842605,0.141878,33.8987,201.055318,0.180516,35.734891,229.138959,0.174857,26.921811,165.060609,0.219094,43.057851,248.461456,0.181022,36.783182,225.575732,0.172327,40.831017,252.506382,0.166063,53.612894,344.483111,0.157675,30.348795,183.305262,0.228311,35.4578,285.494341,0.134839,26.788084,186.527464,0.152163,23.06202,159.607084,0.163016,33.707944,247.044944,0.179299,30.847062,244.863761,0.12872,32.265063,229.468259,0.146199,19.279019,143.471982,0.15879,21.171072,170.227035,0.133818,28.202465,218.736892,0.135958,33.294084,256.908004,0.133402,26.089483,219.606456,0.123889,24.719599,204.205836,0.127375,24.415611,182.187258,0.144993,15.96591,161.103018,0.111952,27.925344,180.935628,0.165536
443.93,0,0,0,26.051178,208.45396,0.129334,26.442645,194.118336,0.144194,24.117118,192.002716,0.131003,37.812202,257.434087,0.167552,34.6149,225.429216,0.161078,31.982136,216.011122,0.180377,57.236338,365.921216,0.163548,52.954381,338.300608,0.163746,29.645891,171.837816,0.190063,35.983302,213.264273,0.294948,45.288826,277.285635,0.169314,44.741174,244.461754,0.231211,40.835098,250.718058,0.173203,42.217889,301.619717,0.145703,34.871059,200.946822,0.186592,36.684431,229.01625,0.181183,27.71849,164.894597,0.229904,43.981706,248.330889,0.186002,37.788741,225.566364,0.17764,41.768464,252.859142,0.169689,54.18608,345.26762,0.158845,31.104287,183.472622,0.235925,36.162178,285.459818,0.138493,27.732805,186.596955,0.157464,23.785884,159.509911,0.168168,34.33296,246.625786,0.188316,31.234877,245.974174,0.129883,33.010162,229.228163,0.149846,19.950913,143.388487,0.165335,21.760972,170.419741,0.136948,28.889902,219.144899,0.139109,33.99633,256.926988,0.136345,26.648678,219.620492,0.126372,25.312626,204.537943,0.130161,25.042008,182.590566,0.149086,16.488211,162.09334,0.114798,28.532495,180.751416,0.170182
453.93,0,0,0,25.572417,208.873458,0.126653,26.113416,194.325834,0.142783,23.812275,192.065669,0.13011,37.894882,257.193498,0.167436,34.226791,225.30208,0.159678,31.693888,215.622398,0.177705,57.037749,365.928968,0.16289,52.982268,338.439407,0.163529,29.427475,171.905961,0.188082,35.738982,213.351065,0.294855,45.053271,277.264701,0.168492,46.023625,236.034805,0.249736,40.69218,250.457614,0.17237,42.007026,301.389496,0.144633,34.774901,201.048417,0.185497,36.644704,228.587234,0.180148,27.708887,164.785471,0.227846,44.034261,247.141007,0.188219,37.664363,225.42593,0.176997,41.630319,252.546276,0.169191,53.920784,345.051929,0.15825,30.835639,183.840018,0.232669,35.776277,285.013072,0.137282,27.522739,186.592535,0.1563,23.649588,159.498185,0.1676,34.069545,246.105073,0.186392,30.663836,245.861486,0.127666,32.897718,229.041035,0.149471,19.642034,143.077826,0.162752,21.44354,170.166754,0.135758,28.685999,219.029509,0.138068,33.817031,256.997452,0.135458,26.315427,219.778698,0.124873,25.038229,204.54707,0.128923,24.864546,182.823734,0.147204,15.928301,161.986056,0.111924,28.273104,180.435604,0.168423
463.93,0,0,0,25.144423,208.839271,0.124909,25.839773,194.136548,0.141384,23.485113,192.144917,0.128725,37.529396,256.73645,0.166795,33.992556,224.747444,0.158808,31.605465,215.176203,0.175785,56.794658,364.945428,0.162322,52.718496,337.472456,0.162821,29.169264,171.554956,0.187124,35.650817,212.730877,0.284465,45.03805,277.036979,0.168408,47.211379,225.282737,0.26393,40.326435,249.312491,0.171717,41.776682,300.281564,0.14445,34.629058,200.084288,0.185722,36.488824,228.291204,0.1789,27.452995,164.583309,0.227046,43.882954,245.768244,0.188882,37.468999,224.713201,0.176643,41.315442,251.851667,0.168425,53.939736,343.890452,0.158793,30.585354,183.732328,0.226089,35.205606,283.451834,0.13545,27.334312,186.254576,0.155531,23.449433,159.314506,0.165841,33.675598,244.699749,0.182897,30.02715,244.82354,0.125738,32.585615,228.371525,0.148278,19.381377,142.605246,0.161039,21.080043,169.723285,0.134279,28.245635,218.623026,0.136471,33.444217,256.72762,0.134023,25.852061,219.185596,0.123427,24.691045,204.26051,0.127436,24.491358,182.596842,0.145652,15.605217,161.359462,0.110783,27.858306,179.869066,0.1667
473.93,0,0,0,26.080502,208.212181,0.12977,26.590183,193.541618,0.146033,24.009826,192.176961,0.131408,38.527825,256.909847,0.173466,34.656281,224.448008,0.162359,32.443101,215.115568,0.184199,57.755319,365.449176,0.165675,53.665207,338.103501,0.166253,29.863871,170.963697,0.193108,36.496479,212.432321,0.307232,45.953893,277.151175,0.172149,49.391484,218.038228,0.291538,41.093228,249.009425,0.175518,42.782369,300.785219,0.148105,35.581354,199.736103,0.191791,37.201406,228.283566,0.184798,28.259569,164.450669,0.236979,45.105502,244.937796,0.195952,38.396784,224.993188,0.181331,42.381333,252.327367,0.172463,54.954442,343.786032,0.161936,31.414167,184.167231,0.241137,35.724645,284.641516,0.137694,28.232079,186.180853,0.161174,24.217882,159.105783,0.172572,34.287086,244.21388,0.190943,30.64086,246.214465,0.127691,33.429392,228.276107,0.152528,19.918651,142.41855,0.166278,21.754432,169.534932,0.138368,29.011274,218.813167,0.140321,34.184371,256.548089,0.137318,26.490472,219.462456,0.126013,25.299056,204.561745,0.130495,25.241088,183.084098,0.149684,16.31046,162.270124,0.114112,28.755844,179.496024,0.172605
483.93,0,0,0,25.727734,208.20766,0.128013,26.245562,193.98478,0.143714,23.863921,192.653829,0.130631,38.338617,256.770388,0.171126,34.563355,224.303599,0.162111,32.226826,214.498856,0.182457,57.825533,365.314002,0.166046,53.564475,337.609668,0.165851,29.572752,170.737069,0.19184,36.544182,211.887695,0.305203,46.109978,277.527595,0.172383,50.372459,210.327009,0.308134,40.851205,248.386203,0.174578,42.694226,300.558289,0.147597,35.468441,199.719066,0.190903,37.360597,228.057795,0.18457,28.187108,164.351453,0.233787,44.96631,244.666794,0.196184,38.397739,224.747832,0.181687,42.213658,252.310817,0.17185,54.906319,342.793284,0.162135,31.064949,183.881196,0.235128,35.348394,283.383795,0.13674,27.975379,186.026253,0.159588,23.985176,159.024419,0.169929,34.015417,243.353173,0.193119,30.212363,245.420666,0.126756,33.203472,227.878,0.151737,19.768733,142.395085,0.165588,21.373267,169.371149,0.136191,28.67008,218.859746,0.138638,33.816202,256.726083,0.135697,26.060255,219.389207,0.124166,24.97725,204.530432,0.128949,24.952231,183.174822,0.148338,15.88449,161.923903,0.111957,28.500119,179.249298,0.171578
493.93,0,0,0,25.258495,207.752124,0.126333,25.938458,193.800558,0.142847,23.383696,191.731595,0.128982,38.149711,256.548934,0.170356,34.117657,223.5641,0.160651,32.036943,213.751502,0.182977,57.566012,365.364637,0.164939,53.439478,337.753912,0.165477,29.356226,170.136226,0.190495,36.282013,211.339771,0.302858,46.052601,277.265348,0.172262,51.789298,198.507239,0.330843,40.491767,247.443309,0.17377,42.612077,300.304472,0.147604,35.282755,199.631678,0.190178,37.208915,227.732013,0.184817,27.949448,163.995793,0.232349,44.874308,243.590618,0.196976,38.238495,224.410842,0.180776,41.922593,252.124171,0.170612,54.509917,342.236326,0.161163,30.851996,183.862741,0.233358,34.845543,283.201702,0.134496,27.751773,185.769733,0.158844,23.677354,158.701662,0.168711,33.644793,242.349482,0.187192,29.840814,246.172602,0.124441,32.949356,227.633193,0.150875,19.454111,142.092537,0.16389,20.979243,169.373372,0.134414,28.347105,218.765409,0.137197,33.475894,256.611079,0.134426,25.518829,219.146481,0.122183,24.552695,204.497071,0.127008,24.712405,183.355107,0.146686,15.369799,161.642914,0.109549,28.057278,178.385374,0.170471
503.93,0,0,0,26.01932,207.642505,0.12983,26.629139,192.932359,0.146805,24.243223,191.761369,0.133325,39.110455,255.8234,0.175417,34.814028,222.845413,0.164404,32.731439,212.933839,0.188688,58.511879,364.354643,0.168758,54.139509,336.662579,0.168709,29.921834,169.199198,0.195967,37.19088,210.099282,0.320521,46.952733,276.637975,0.176171,53.598228,189.951394,0.360953,41.085175,246.230699,0.177217,43.58385,299.53516,0.151646,36.235568,199.172094,0.196277,37.934415,227.443536,0.190181,28.819487,163.446646,0.243992,45.786087,242.394919,0.203377,38.949164,223.529227,0.185421,42.759407,251.424838,0.174651,55.236006,340.625396,0.164256,31.438602,183.024471,0.24334,35.419065,281.505966,0.13783,28.547079,185.202257,0.163988,24.371775,158.405464,0.174473,34.26359,240.665354,0.195,30.237411,245.419802,0.126604,33.752449,226.837204,0.155258,20.039009,141.540808,0.16902,21.510735,168.612845,0.138167,29.038842,218.353505,0.141044,34.296047,255.884349,0.138131,26.094863,218.556846,0.124964,25.163272,203.880104,0.130643,25.367692,183.05461,0.151877,15.8665,161.586874,0.112554,28.888397,177.944103,0.175966
513.93,0,0,0,25.642916,205.704097,0.12936,26.320741,191.107201,0.146904,23.663556,190.036044,0.131979,38.565409,253.379988,0.176303,34.349902,221.229313,0.163737,32.511694,210.745351,0.190542,58.199376,362.377568,0.168926,53.943349,334.171066,0.169339,29.295193,166.8635,0.195501,36.553683,207.296718,0.328378,46.521101,274.477672,0.175878,54.342165,181.254368,0.375965,40.723172,243.761096,0.177522,43.312886,297.9108,0.151544,35.974414,197.599289,0.196556,37.551509,226.08402,0.190426,28.564539,161.800924,0.245601,45.440434,240.136474,0.204075,38.703796,221.532552,0.186277,42.532067,249.743891,0.175081,54.654205,337.232921,0.163937,31.24092,181.371113,0.245119,34.909238,278.481927,0.138876,28.278971,183.515399,0.164014,24.044345,156.76096,0.174894,33.93557,238.309362,0.192783,29.868713,244.036536,0.12581,33.383062,224.98435,0.15509,19.773292,139.928078,0.170315,21.04693,167.224683,0.136881,28.633495,216.648408,0.140299,33.841356,254.11331,0.137404,25.621553,216.792355,0.123824,24.784079,202.624965,0.129741,25.113537,182.094011,0.150581,15.375473,160.328891,0.11055,28.243679,175.971337,0.174654
523.93,0,0,0,25.985681,206.235612,0.130839,26.815864,192.120494,0.148718,24.299215,191.15731,0.134362,38.867691,253.153921,0.177315,34.712018,221.513862,0.165171,32.775195,210.521333,0.193395,58.964689,363.44695,0.170601,54.528089,334.819157,0.171016,29.819842,166.952997,0.198452,37.018869,206.814812,0.340581,47.137584,274.840568,0.178333,55.755099,174.813298,0.400603,41.084398,243.811923,0.17888,44.135335,298.576063,0.154151,36.724712,198.302486,0.200099,38.454701,226.837261,0.193617,29.270417,162.778569,0.251499,46.035836,240.975437,0.206465,39.464259,222.253037,0.189328,42.811285,249.687759,0.176107,55.128741,337.211043,0.165399,31.77437,182.061877,0.250592,35.336199,279.483681,0.139238,28.964532,184.286764,0.167329,24.645779,157.60473,0.177105,34.474491,238.32289,0.200905,30.166585,245.051738,0.126386,34.0543,225.752352,0.15761,20.245455,140.819144,0.171761,21.583804,168.11092,0.139284,29.320717,217.914852,0.142572,34.438669,255.165533,0.139284,26.087153,217.55946,0.125626,25.227041,203.497821,0.131167,25.620884,183.087419,0.152552,15.848157,161.328495,0.112586,29.036709,176.7976,0.178243
533.93,0,0,0,25.768704,205.145588,0.13033,26.546681,190.510314,0.149024,23.931418,190.196761,0.13312,38.532256,251.07116,0.178455,34.414617,219.897945,0.16509,32.43518,208.408,0.193617,58.85353,361.445769,0.171415,54.391847,332.811202,0.171053,29.464828,165.136985,0.198897,36.791115,204.162643,0.327172,46.892522,273.21942,0.178584,56.562335,166.61588,0.426759,40.827891,241.562512,0.179226,43.9066,296.262771,0.154592,36.485626,197.093784,0.200501,38.176804,225.067749,0.195408,29.005796,161.033993,0.24926,45.93593,238.287461,0.2089,39.21853,220.333056,0.190015,42.511066,248.034195,0.176026,54.859839,334.254077,0.166057,31.427967,180.327875,0.248814,35.118968,276.19385,0.140262,28.618679,182.830579,0.166873,24.406568,156.304706,0.178593,34.060129,236.072974,0.194014,29.670515,243.502375,0.125644,33.815729,224.260898,0.15769,19.934366,139.422863,0.172006,21.213685,166.727404,0.138513,28.896661,216.568797,0.141762,34.100788,253.673556,0.138564,25.70452,216.318325,0.124604,24.888149,202.122091,0.130678,25.371511,182.062646,0.152476,15.45223,160.300959,0.111771,28.280579,174.876637,0.175482
543.93,0,0,0,26.466977,205.515484,0.13318,27.105475,191.095779,0.151034,24.498889,190.891572,0.135687,39.112047,251.296119,0.182605,34.846233,220.388032,0.166497,33.006652,208.370556,0.19854,59.762875,361.951666,0.173904,54.7983,332.237471,0.173093,29.917566,164.40706,0.203101,37.298999,203.918855,0.346148,47.540204,273.00578,0.181066,58.326671,159.669638,0.452216,41.180176,241.536357,0.180911,44.301795,295.960793,0.156412,37.290431,197.198775,0.205035,38.834448,225.298539,0.196536,29.473323,161.537417,0.255298,46.810038,238.321903,0.213234,39.928455,220.48163,0.193119,43.144644,248.175248,0.178783,55.355932,334.131186,0.16767,31.959338,180.517939,0.256071,35.515924,274.782286,0.142262,29.290903,183.289357,0.170038,25.056824,156.94012,0.180816,34.323108,236.022465,0.200878,30.238361,244.345003,0.127125,34.528219,224.717874,0.16069,20.589275,140.232473,0.175598,21.717014,167.24021,0.141206,29.551871,217.434813,0.144246,34.824676,254.454935,0.141111,26.20738,216.946734,0.126626,25.424716,203.100553,0.132599,25.982483,182.9869,0.154313,15.922539,161.058195,0.113743,29.138504,175.174785,0.180648
553.93,0,0,0,26.062209,204.926692,0.132184,26.877291,189.963547,0.150993,24.259517,190.0316,0.135113,38.670628,249.786199,0.180651,34.4232,219.58672,0.164984,32.55815,206.682909,0.195338,59.343802,360.462092,0.173291,54.113113,330.046022,0.171878,29.358667,162.776055,0.20129,36.96213,202.087235,0.343061,47.292374,271.715816,0.180857,59.047607,151.576243,0.478216,40.648823,239.45085,0.17979,43.848464,293.899783,0.155771,36.884467,196.065578,0.203772,38.515374,224.039295,0.196504,29.123152,160.258233,0.252895,46.455709,237.156744,0.212926,39.540407,218.833571,0.192643,42.701616,247.232024,0.177571,54.83143,331.586088,0.167238,31.434388,179.419209,0.255225,34.639147,271.965652,0.140162,29.025363,182.235233,0.169775,24.707696,156.195474,0.179549,33.622285,233.398219,0.198097,29.78375,242.986353,0.126477,34.236971,223.499312,0.160292,20.107568,139.031664,0.173947,21.240046,166.482806,0.13879,29.188242,216.737554,0.142892,34.399237,253.236143,0.140066,25.758884,215.788225,0.125215,25.017666,202.079712,0.13157,25.498564,182.501337,0.152184,15.293437,160.414797,0.110766,28.809123,173.84407,0.180502
563.93,0,0,0,25.409496,203.994793,0.129799,26.234082,189.083523,0.148213,23.466351,188.944601,0.132229,38.248364,248.098935,0.18001,33.887204,218.292965,0.16369,31.971962,204.579411,0.19489,58.920413,358.203389,0.17318,53.432329,327.074975,0.171398,28.791039,161.274762,0.199712,36.569739,200.211255,0.334973,46.981276,270.076279,0.181043,59.877059,144.966033,0.502161,40.085701,237.565534,0.178671,43.400366,291.933389,0.154975,36.573075,194.75234,0.203312,37.887634,222.645808,0.1933,28.854255,159.14282,0.2527,46.120747,235.401478,0.213121,39.026727,217.333416,0.191456,42.168944,245.550999,0.176441,54.096366,329.082302,0.16629,30.897424,177.874701,0.250301,33.653667,269.432488,0.137969,28.661198,181.178557,0.16856,24.099962,155.286064,0.176866,33.094799,231.344193,0.196365,29.272392,242.02787,0.12465,33.845145,222.422662,0.159182,19.577244,137.824225,0.172731,20.812875,165.538535,0.137766,28.729989,216.062541,0.141183,33.858122,252.152474,0.13854,25.229372,214.562339,0.12367,24.502303,201.0285,0.129671,25.056387,181.59377,0.150655,14.645333,158.99349,0.108365,27.892301,172.390516,0.176871
573.93,0,0,0,26.096328,202.441148,0.133831,27.143626,187.785626,0.154667,24.370316,187.493013,0.137828,38.853794,246.105944,0.182833,34.590502,216.669148,0.168237,32.5844,202.565732,0.201034,59.20195,355.113657,0.17585,53.972704,324.197344,0.174834,29.377093,159.523275,0.206618,37.017894,198.024206,0.353053,47.625611,267.860965,0.184952,61.418515,138.47017,0.538375,40.56534,235.286087,0.18271,44.028484,289.245477,0.159121,37.230204,193.297566,0.208891,38.682982,221.252515,0.199905,29.394705,157.813184,0.258534,47.03373,233.222308,0.219827,39.591156,215.016552,0.197033,42.731244,242.695292,0.181067,54.675402,326.279401,0.169477,31.462778,176.182889,0.25803,34.048693,266.108528,0.14204,29.234,179.320529,0.173974,24.59962,153.377587,0.183424,33.485244,228.498147,0.200739,29.27553,238.800507,0.127074,34.485382,220.396222,0.16409,20.052268,136.214463,0.178119,21.3982,164.079516,0.14235,29.458771,214.323118,0.14618,34.342576,250.407248,0.141572,25.645439,212.872405,0.126823,24.97218,199.587463,0.133138,25.618958,180.135969,0.156008,15.017815,156.887877,0.112338,28.554778,170.51864,0.18259
583.93,0,0,0,25.740888,200.973349,0.133323,26.787381,187.03021,0.152994,23.812768,186.685182,0.135702,38.436665,244.506657,0.182931,34.142677,215.189983,0.167425,32.106073,200.713611,0.199165,58.769946,352.420587,0.175846,53.45586,322.161526,0.174017,28.885191,157.774277,0.205811,36.678788,196.107676,0.341826,47.352362,266.020175,0.185212,62.169103,133.842183,0.556674,40.057772,233.452735,0.181336,43.738101,287.18766,0.159138,37.094608,191.973565,0.209719,38.495791,220.151488,0.198706,29.113963,156.669036,0.260721,46.646704,231.434937,0.219612,39.315921,213.247714,0.196991,42.289523,241.241061,0.180006,54.184477,323.797892,0.169188,31.040534,174.909292,0.257257,33.124671,264.321767,0.139338,28.823286,178.079416,0.17266,24.009809,152.335964,0.180364,32.997675,226.138116,0.203319,28.571157,237.132986,0.124587,33.900866,218.647064,0.162484,19.691516,135.171665,0.177619,20.900394,163.025928,0.140517,29.039043,213.813339,0.144113,33.948631,249.372375,0.14049,25.059554,211.746931,0.124706,24.485735,198.420018,0.131651,25.135936,179.3701,0.153438,14.491071,156.183778,0.110507,27.976908,169.040994,0.181261
