Time (sec),R1 W1 Avg,R1 W2 Avg,R1 R1,R2 W1 Avg,R2 W2 Avg,R2 R1,R3 W1 Avg,R3 W2 Avg,R3 R1,R4 W1 Avg,R4 W2 Avg,R4 R1,R5 W1 Avg,R5 W2 Avg,R5 R1,R6 W1 Avg,R6 W2 Avg,R6 R1,R7 W1 Avg,R7 W2 Avg,R7 R1,R8 W1 Avg,R8 W2 Avg,R8 R1,R9 W1 Avg,R9 W2 Avg,R9 R1,R10 W1 Avg,R10 W2 Avg,R10 R1,R11 W1 Avg,R11 W2 Avg,R11 R1,R12 W1 Avg,R12 W2 Avg,R12 R1,R13 W1 Avg,R13 W2 Avg,R13 R1,R14 W1 Avg,R14 W2 Avg,R14 R1,R15 W1 Avg,R15 W2 Avg,R15 R1,R16 W1 Avg,R16 W2 Avg,R16 R1,R16 R1,R17 W1 Avg,R17 W2 Avg,R17 R1,R18 W1 Avg,R18 W2 Avg,R18 R1,R19 W1 Avg,R19 W2 Avg,R19 R1,R20 W1 Avg,R20 W2 Avg,R20 R1,R21 W1 Avg,R21 W2 Avg,R21 R1,R22 W1 Avg,R22 W2 Avg,R22 R1,R23 W1 Avg,R23 W2 Avg,R23 R1,R24 W1 Avg,R24 W2 Avg,R24 R1,R25 W1 Avg,R25 W2 Avg,R25 R1,R26 W1 Avg,R26 W2 Avg,R26 R1,R27 W1 Avg,R27 W2 Avg,R27 R1,R28 W1 Avg,R28 W2 Avg,R28 R1,R29 W1 Avg,R29 W2 Avg,R29 R1,R30 W1 Avg,R30 W2 Avg,R30 R1,R31 W1 Avg,R31 W2 Avg,R31 R1,R32 W1 Avg,R32 W2 Avg,R32 R1
0.35,0,0,0,53.020712,214.948412,0.270051,60.029294,248.599738,0.25096,44.210004,173.457771,0.27114,55.027779,225.688008,0.29089,20.598881,88.242413,0.263662,56.885731,251.64948,0.24507,64.463731,235.842235,0.319068,78.915647,274.443617,0.291066,67.754357,247.87392,0.297941,46.471856,179.862167,0.271544,63.370405,236.535753,0.302981,38.422975,138.5326,0.396023,79.968224,295.426745,0.281662,81.057409,289.464764,0.288652,57.764043,207.697847,0.338133,39.698126,155.108283,0.297627,45.739267,182.896246,0.290993,32.466854,121.94464,0.34998,35.818941,167.524746,0.274649,32.140372,139.728735,0.268412,23.157107,98.052644,0.328143,,,,,,,,,,,,,,,,,,,,,,,,,,,,,,,
30.35,0,0,0,52.450494,210.632786,0.273444,57.916827,238.296164,0.252724,43.768878,170.539505,0.27373,54.856225,222.469755,0.291305,19.946455,85.045833,0.266314,56.082957,246.984433,0.246505,64.388588,233.896155,0.318027,78.347482,272.443892,0.291093,67.599731,244.808154,0.301846,46.539935,178.556532,0.274683,62.963821,233.441065,0.303982,38.274427,136.789797,0.401362,79.761243,294.687582,0.280073,79.76108,294.991223,0.278555,57.386556,205.716149,0.345671,39.508906,153.104393,0.298772,45.693137,180.692666,0.293103,32.417179,119.967856,0.360645,35.565356,164.328125,0.275851,32.198493,138.70687,0.270792,23.158453,97.110435,0.33379,,,,,,,,,,,,,,,,,,,,,,,,,,,,,,,
32.64,,,,,,,,,,,,,,,,,,,,,,,,,,,,,,,,,,,,,,,,,,,,,,,,,,,,,,,,,,,,,,,,,,,,,,,,,,,,,,,,,,,,,,,,,,,,,,,,,
37.24,0,0,0,61.852122,138.801884,0.464937,62.089015,188.202528,0.347016,47.370891,128.108552,0.379802,62.527525,154.795209,0.457429,19.854602,74.232587,0.309354,62.45299,185.782013,0.358556,74.059939,156.140097,0.513736,90.372004,184.11455,0.495458,77.016664,172.139032,0.470496,52.11865,137.244423,0.385932,69.924651,177.836967,0.429794,41.391199,105.480976,0.508228,89.317545,210.020208,0.425747,85.381799,230.493818,0.376703,62.557374,155.116434,0.464967,46.697534,93.225541,0.554675,51.463779,126.744796,0.468187,36.297932,82.081722,0.55364,39.491684,122.435931,0.420526,34.88669,110.983617,0.355057,25.498804,75.642489,0.43411,,,,,,,,,,,,,,,,,,,,,,,,,,,,,,,
39.24,0,0,0,64.608958,127.432315,0.522597,64.349433,174.847341,0.386171,49.559091,117.624336,0.432906,65.66828,141.296243,0.52596,20.220958,72.533831,0.323312,65.719424,169.632082,0.411972,77.343374,142.725757,0.589338,93.99806,170.578318,0.55821,80.562879,157.302478,0.541397,54.502851,127.564593,0.433522,74.097565,161.158395,0.504052,43.567992,96.820753,0.57436,94.111642,190.281467,0.493538,89.652012,211.421831,0.429238,65.895205,141.385182,0.538572,49.05097,83.194906,0.655468,54.441924,114.335082,0.556171,38.136211,74.672907,0.659629,42.177134,109.420658,0.493218,36.841067,102.311394,0.407205,26.947074,69.521993,0.499379,,,,,,,,,,,,,,,,,,,,,,,,,,,,,,,
41.24,0,0,0,66.515389,120.905238,0.569278,65.767829,167.202703,0.420686,51.332321,110.750015,0.478883,67.780078,133.192351,0.58251,20.876617,70.738806,0.341951,68.021283,159.084763,0.460267,79.510441,135.189072,0.651268,96.213475,162.9261,0.599875,83.157408,148.694623,0.600502,56.457589,121.075478,0.474538,76.934629,150.682586,0.563254,45.222439,91.119955,0.641258,97.247516,178.358922,0.547547,92.929756,199.007569,0.472683,68.254941,132.457448,0.604707,50.605571,77.350786,0.738287,56.540694,106.629932,0.629069,39.503828,69.857294,0.752042,44.254332,100.503267,0.565372,38.506929,95.897035,0.455801,28.156531,64.820994,0.565869,,,,,,,,,,,,,,,,,,,,,,,,,,,,,,,
43.24,0,0,0,67.345444,117.790904,0.586765,66.562685,162.734002,0.434704,52.059881,107.416429,0.501485,68.92063,129.039203,0.613999,20.957152,69.688308,0.346436,69.288288,152.649123,0.48744,80.635563,131.269638,0.68851,97.165234,158.851505,0.622003,84.388661,143.951879,0.63096,57.396503,117.118195,0.498855,78.592335,144.865753,0.601024,46.070425,88.273348,0.657448,98.973258,171.545106,0.582637,94.755088,191.362896,0.50002,69.605969,127.322806,0.633525,51.349809,74.767834,0.782974,57.620628,102.561079,0.660243,40.172001,67.616757,0.777225,45.475499,95.533581,0.612167,39.459957,91.839112,0.483043,28.882597,62.038802,0.591518,,,,,,,,,,,,,,,,,,,,,,,,,,,,,,,
45.24,0,0,0,66.970717,114.592037,0.601516,65.737489,158.53252,0.441142,51.586488,103.903393,0.514803,68.634339,124.850022,0.627373,20.524316,67.437873,0.352368,69.294764,146.683371,0.510507,80.342578,127.569494,0.706668,96.913671,154.938828,0.636493,84.293571,139.591326,0.65301,57.218524,113.25991,0.516219,78.674581,139.255136,0.626674,45.66306,85.174549,0.678431,99.11375,165.381555,0.605652,95.035351,184.431868,0.519896,69.605673,122.452834,0.658858,50.803762,72.096939,0.810828,57.45447,98.525526,0.682721,39.691483,65.011248,0.7992,45.354359,90.785642,0.638659,39.263717,87.709729,0.509862,28.523026,58.814445,0.623839,,,,,,,,,,,,,,,,,,,,,,,,,,,,,,,
47.24,0,0,0,67.160727,112.60549,0.61376,65.895815,155.641848,0.452581,51.777617,101.691171,0.533206,68.911904,121.991984,0.646282,20.639179,65.831157,0.366478,69.752127,142.107163,0.533234,80.706696,124.932469,0.733179,97.014033,152.047247,0.648866,84.600509,136.561687,0.671426,57.712694,110.354075,0.538017,79.218088,135.508986,0.654379,45.891073,83.078194,0.706105,99.831619,160.982308,0.629239,95.806136,179.158398,0.540213,70.204916,118.861864,0.690429,50.979339,70.660088,0.836198,57.806792,95.827052,0.716332,39.88455,63.135502,0.840039,45.837666,87.59284,0.673532,39.650221,84.562563,0.537326,28.871785,56.5259,0.665051,,,,,,,,,,,,,,,,,,,,,,,,,,,,,,,
52.24,0,0,0,68.566502,111.633412,0.634268,67.142546,154.37306,0.465074,53.043826,100.202833,0.556338,70.484459,119.816756,0.678814,21.866169,64.119527,0.397844,71.597062,136.851269,0.57638,82.382424,123.131993,0.761137,98.866939,149.877404,0.671372,86.501806,134.17316,0.704264,59.41221,107.66957,0.571733,81.245953,132.028271,0.694576,47.086332,81.792344,0.750388,102.254012,156.00018,0.673838,98.329682,173.47321,0.573887,72.19613,115.568976,0.74543,51.896233,70.681295,0.855261,59.322525,93.780474,0.754038,40.990213,61.855952,0.904932,47.454049,84.399912,0.715196,41.184052,81.066721,0.594298,30.052644,53.931648,0.755792,,,,,,,,,,,,,,,,,,,,,,,,,,,,,,,
57.24,0,0,0,69.000416,110.601024,0.652234,67.212119,152.647515,0.471304,53.439221,99.422467,0.56831,70.936333,118.245547,0.693461,22.554353,61.062376,0.431967,72.366385,133.234623,0.608238,82.964011,121.916504,0.788929,99.350631,148.745576,0.679494,86.832597,132.771126,0.716409,60.097426,105.389373,0.596704,81.954163,129.697728,0.717775,47.435306,80.51113,0.783146,103.245129,152.613139,0.700341,99.499669,169.215107,0.598274,72.962603,112.854801,0.778627,51.958669,71.004963,0.860109,59.904835,92.465886,0.780855,41.437717,60.584871,0.949129,48.0656,82.108206,0.754176,42.011273,78.558344,0.63672,30.593644,52.062642,0.815724,,,,,,,,,,,,,,,,,,,,,,,,,,,,,,,
62.24,0,0,0,69.344353,111.545385,0.644714,67.06565,152.767655,0.468047,53.609052,100.498933,0.565881,71.317484,118.997904,0.679308,23.468346,59.673818,0.462051,72.791568,132.629432,0.607305,83.342529,122.913782,0.769575,99.667868,149.788489,0.676054,87.130312,133.864866,0.713485,60.532067,105.586086,0.600275,82.227523,130.00028,0.709832,47.714793,81.172777,0.767249,103.936393,152.216019,0.706873,100.226886,167.925953,0.607886,73.492123,112.741195,0.774914,51.911601,73.58671,0.831132,60.141788,93.355671,0.767673,41.707958,61.077663,0.925066,48.418701,82.219297,0.773841,42.492687,77.830859,0.643765,30.930521,51.911013,0.810085,,,,,,,,,,,,,,,,,,,,,,,,,,,,,,,
72.24,0,0,0,68.327265,113.100919,0.627042,65.487184,153.213252,0.45569,52.347086,103.125185,0.538173,70.088633,121.472868,0.647182,23.429478,56.530784,0.499963,71.914952,134.331923,0.587099,82.178502,125.892318,0.729659,98.465768,152.618968,0.654687,85.800976,137.321404,0.676687,59.662716,106.664605,0.58864,81.090994,132.714974,0.681311,46.822219,82.458748,0.734726,103.193988,153.238434,0.696085,99.758001,167.93398,0.605389,72.633674,113.819074,0.752339,50.165282,79.089858,0.746675,59.18865,95.456621,0.730817,40.898989,62.090642,0.889383,47.515873,83.596153,0.733135,41.850781,77.974819,0.637775,30.132184,52.606397,0.783762,,,,,,,,,,,,,,,,,,,,,,,,,,,,,,,
82.24,0,0,0,67.67158,115.707878,0.610818,64.062598,153.623976,0.44128,51.709588,106.868318,0.517343,69.245778,125.86904,0.620189,23.757027,54.237935,0.535885,70.860122,138.55496,0.559657,81.284432,130.515075,0.704973,97.396465,157.338382,0.627138,84.537179,142.634093,0.643509,59.036877,109.467153,0.570668,79.917594,137.440539,0.650677,46.365478,84.421862,0.73063,102.580328,157.050912,0.675141,99.287806,171.040935,0.592309,71.974089,116.847645,0.73929,48.853654,85.843723,0.659289,58.422089,98.60089,0.698062,40.534857,63.839057,0.872839,46.876477,86.436737,0.687723,41.419841,79.604536,0.629132,29.727756,54.46543,0.781173,,,,,,,,,,,,,,,,,,,,,,,,,,,,,,,
92.24,0,0,0,66.731199,120.280905,0.580733,62.143766,154.458762,0.42234,50.724233,112.058555,0.481533,68.138225,132.399689,0.57634,23.865174,53.950435,0.541524,69.345981,145.677702,0.515038,80.178613,137.409055,0.65137,96.222575,163.972305,0.593289,83.071576,149.986767,0.596359,58.145715,114.417313,0.534574,78.2933,144.360323,0.605255,45.802291,87.67032,0.697623,101.436644,163.617255,0.639876,98.119295,176.612744,0.568055,70.904264,121.944174,0.690026,47.532797,94.063637,0.581208,57.578751,103.211357,0.650614,40.016197,67.308552,0.81036,46.037292,91.099367,0.634584,40.713094,83.096666,0.587435,29.181673,58.141243,0.705508,,,,,,,,,,,,,,,,,,,,,,,,,,,,,,,
102.24,0,0,0,63.937475,122.948617,0.542663,58.888317,152.714473,0.40725,48.555222,114.408413,0.450943,65.110631,136.721112,0.530681,23.228607,53.072823,0.537889,66.048198,150.360348,0.47376,76.745974,141.926437,0.602184,92.189301,167.553426,0.556234,79.250237,154.406809,0.552602,55.670638,116.757018,0.502663,74.75765,148.115148,0.562297,44.000677,88.798483,0.660352,97.399705,167.540184,0.599674,94.400333,178.915382,0.539063,67.979998,124.787115,0.648161,45.071217,99.947402,0.515888,55.135572,105.693064,0.600278,38.426997,69.436734,0.747773,43.950049,94.275748,0.583037,39.026963,85.133529,0.549968,27.898399,60.723988,0.641457,,,,,,,,,,,,,,,,,,,,,,,,,,,,,,,
112.24,0,0,0,62.216063,128.291976,0.508149,56.483173,154.593374,0.383129,47.102549,119.125053,0.419505,63.057857,144.056505,0.489516,22.724316,53.664863,0.51968,63.917542,158.575993,0.430328,74.5017,150.000942,0.552355,89.835353,175.23025,0.517416,76.866404,162.396663,0.509484,54.115147,121.757121,0.468278,72.432122,155.292619,0.517209,42.872894,91.731639,0.619943,94.851177,176.208543,0.553273,92.234277,186.220679,0.506724,66.156134,130.502073,0.600304,43.399232,107.00471,0.472131,53.589525,110.520206,0.559433,37.331726,73.146002,0.684011,42.451894,99.368262,0.544241,37.761638,88.782067,0.50448,26.9218,64.184954,0.577818,,,,,,,,,,,,,,,,,,,,,,,,,,,,,,,
122.24,0,0,0,62.22808,137.712933,0.470146,56.273845,160.844638,0.36631,47.163527,126.881468,0.395387,63.010043,155.587807,0.450568,22.649129,56.499565,0.486543,63.701338,171.46378,0.395934,74.680037,162.745607,0.511976,90.48562,188.404631,0.483917,76.913133,174.782547,0.471685,54.220579,130.486509,0.436405,72.57912,166.960178,0.481227,43.032935,97.777048,0.581712,95.235533,190.571321,0.511883,92.725551,198.800323,0.475979,66.386654,140.570145,0.554534,43.148548,116.857134,0.42556,53.700086,119.071022,0.509309,37.373718,79.560394,0.615431,42.092157,107.569533,0.48823,37.653637,95.671851,0.462048,26.707197,69.848096,0.522427,,,,,,,,,,,,,,,,,,,,,,,,,,,,,,,
132.24,0,0,0,61.909489,144.545412,0.450799,55.585615,163.414298,0.360027,47.330441,131.887495,0.380347,62.774453,163.466186,0.433066,23.354042,58.114179,0.474081,63.2423,180.25057,0.376355,74.280602,171.686894,0.48323,90.092507,197.085981,0.460959,76.357788,183.339365,0.451021,54.188343,135.889445,0.419267,72.074543,174.422458,0.463899,43.222471,101.194491,0.578992,94.507175,201.146313,0.483269,92.342111,207.332367,0.45619,66.125942,147.098949,0.53909,43.030749,123.461292,0.404068,53.442537,124.796704,0.489812,37.403175,84.070598,0.599922,41.787354,113.355767,0.459964,37.693197,99.78964,0.44311,26.898805,73.455907,0.507276,,,,,,,,,,,,,,,,,,,,,,,,,,,,,,,
142.24,0,0,0,59.608655,150.122943,0.418144,53.26565,165.20837,0.338692,45.572097,135.589236,0.356777,60.549292,169.821302,0.402646,21.97102,59.267786,0.445302,60.823522,187.169954,0.346149,71.809501,179.382209,0.450643,87.406679,204.714505,0.429825,73.83926,190.613583,0.418616,52.300077,140.491936,0.390172,69.626044,180.694011,0.425645,41.769635,103.827873,0.540144,91.760084,210.721074,0.446692,89.973515,215.140144,0.427635,64.133076,152.762264,0.500032,41.380292,128.397414,0.37318,51.701834,129.529391,0.450452,35.980962,87.768602,0.536627,40.154068,118.146395,0.425297,36.10398,102.888707,0.408678,25.715642,75.995405,0.461669,,,,,,,,,,,,,,,,,,,,,,,,,,,,,,,
152.24,0,0,0,58.147916,155.704184,0.39431,51.842023,167.209677,0.32831,44.662243,138.86158,0.342509,59.174413,175.745576,0.381111,21.539677,60.460883,0.425978,59.32345,193.765531,0.326791,70.205674,186.206436,0.421768,85.656481,211.648746,0.407451,72.161149,196.729546,0.396085,51.194452,144.408204,0.372689,68.201888,186.030107,0.410002,40.97512,106.485227,0.518458,89.759216,219.549805,0.419314,88.171068,222.259757,0.405162,62.927352,157.754298,0.474637,40.478884,132.885798,0.352625,50.491232,134.032386,0.427584,35.166324,91.320039,0.511537,39.054373,122.569388,0.397762,35.275559,106.089168,0.387848,25.143008,78.546259,0.443346,,,,,,,,,,,,,,,,,,,,,,,,,,,,,,,
162.24,0,0,0,56.844242,162.087293,0.369255,50.425109,169.759721,0.311891,43.853336,143.35562,0.323257,58.216498,182.144295,0.358618,21.1551,63.440983,0.392738,58.213566,200.309191,0.310442,69.040054,193.983959,0.396604,84.350463,219.805551,0.386447,70.886902,203.740815,0.372867,50.484682,149.821539,0.35322,67.031873,192.226997,0.386336,40.465072,109.894514,0.496273,88.220724,229.16168,0.39513,86.988577,230.090342,0.385727,61.918952,163.744348,0.450782,39.882285,137.720009,0.333875,49.634377,139.392576,0.401543,34.617073,95.700009,0.478604,38.222894,127.587014,0.370115,34.686416,110.388052,0.363743,24.83128,82.07907,0.418831,,,,,,,,,,,,,,,,,,,,,,,,,,,,,,,
172.24,0,0,0,55.468381,166.140474,0.355029,49.053444,169.684656,0.305989,42.975845,145.365371,0.31463,57.006156,186.1434,0.350288,20.446517,64.37301,0.375015,56.866397,204.891565,0.296116,67.646791,199.028952,0.385268,82.749755,225.155499,0.370215,69.427354,208.250488,0.361081,49.493273,152.644905,0.341585,65.810526,196.383219,0.373729,39.644958,111.631291,0.483635,86.42897,235.949851,0.376534,85.400689,235.50865,0.370785,60.863257,167.418126,0.435688,39.043919,140.666252,0.320966,48.456252,142.525832,0.384247,33.830257,98.062676,0.454098,37.275522,130.547619,0.355099,33.996906,112.360371,0.351935,24.347751,83.621341,0.397769,,,,,,,,,,,,,,,,,,,,,,,,,,,,,,,
182.24,0,0,0,55.094265,170.550673,0.344133,48.87864,171.725371,0.300371,43.026469,148.048611,0.310794,56.865996,190.649377,0.341545,20.714179,65.89801,0.372874,56.53275,209.320278,0.289444,67.366217,204.373198,0.375799,82.20022,231.34589,0.357998,69.151575,213.14981,0.353049,49.739848,156.228688,0.335677,65.60348,200.661983,0.367419,39.969222,114.155993,0.486485,85.784545,243.527613,0.362943,85.258472,241.886659,0.360933,60.808967,171.960925,0.430128,39.245154,144.128585,0.317723,48.460691,146.64614,0.373797,34.096485,101.278297,0.444904,37.335812,134.239536,0.350272,34.279642,114.972431,0.347819,24.833928,85.996701,0.398943,,,,,,,,,,,,,,,,,,,,,,,,,,,,,,,
192.24,0,0,0,53.854012,174.473058,0.329454,47.354403,172.347515,0.289606,42.244489,150.362623,0.299426,55.931089,194.385569,0.329346,19.902861,67.545398,0.345745,55.359991,213.420442,0.27909,66.203589,208.994355,0.357823,80.780478,236.268421,0.344429,67.910293,217.284663,0.34009,48.802018,159.354951,0.321235,64.553811,204.464979,0.355736,39.251358,116.236766,0.46152,84.229316,249.713431,0.346966,83.851002,246.899799,0.346924,59.847529,175.458366,0.409661,38.549848,146.867957,0.305969,47.538071,150.059487,0.357006,33.481575,103.76979,0.427502,36.518111,137.133274,0.333124,33.725456,117.183681,0.330988,24.414626,87.733566,0.382753,,,,,,,,,,,,,,,,,,,,,,,,,,,,,,,
202.24,0,0,0,52.307309,177.087217,0.316876,46.04769,172.667568,0.282223,41.016224,151.454312,0.290248,54.552901,196.726795,0.317461,18.879415,67.857649,0.333177,53.964433,215.550456,0.270454,64.658191,212.128841,0.345014,79.088508,240.296427,0.331735,66.419931,220.419235,0.327979,47.675886,161.250981,0.311091,63.183395,206.748443,0.342264,38.271977,117.417283,0.449822,82.438944,254.648498,0.333338,82.238488,250.910828,0.335039,58.619406,177.906837,0.39715,37.557724,148.373827,0.296374,46.265229,152.190268,0.343458,32.474922,105.40205,0.411828,35.516765,138.908161,0.321673,32.820477,118.332405,0.322825,23.725064,88.599035,0.373146,,,,,,,,,,,,,,,,,,,,,,,,,,,,,,,
212.24,0,0,0,51.405554,180.394596,0.304916,45.003749,173.347864,0.272607,40.349171,153.207606,0.281253,53.785027,200.090065,0.306061,18.777985,69.27556,0.319232,53.169372,218.674838,0.25864,63.734975,215.95509,0.332993,77.942444,244.686187,0.320924,65.381121,223.730908,0.316284,47.072982,163.525427,0.302228,62.482911,209.883594,0.335177,37.692404,119.083896,0.434716,81.216658,260.005963,0.321432,81.117806,255.241973,0.324574,57.914248,180.97977,0.385457,37.027337,150.79288,0.285359,45.499816,154.959383,0.332894,32.011722,107.450032,0.394247,34.843627,141.067514,0.311692,32.506843,120.07125,0.313084,23.543961,90.161915,0.363449,,,,,,,,,,,,,,,,,,,,,,,,,,,,,,,
222.24,0,0,0,51.390032,183.67597,0.302959,45.336007,175.510985,0.272254,40.644525,155.533454,0.279101,54.095344,202.727736,0.307136,19.066169,71.372512,0.316288,53.36869,221.727636,0.259881,63.869067,219.335464,0.332237,77.916892,249.063316,0.315342,65.438529,226.740096,0.314453,47.4362,165.83173,0.301534,62.68015,212.27674,0.332092,38.049481,120.796305,0.434108,80.966005,264.380482,0.315475,81.060512,258.514196,0.3208,58.082059,183.501489,0.383715,37.40346,152.76616,0.284418,45.705677,157.476757,0.326918,32.334532,109.704747,0.392263,35.083703,143.322198,0.307833,32.949835,121.779296,0.314434,24.052832,91.906619,0.360562,,,,,,,,,,,,,,,,,,,,,,,,,,,,,,,
232.24,0,0,0,50.479215,185.972553,0.293416,44.519791,176.574804,0.26784,40.055626,156.686338,0.274053,53.312171,204.882924,0.299322,18.688308,71.845833,0.306952,52.652201,223.964172,0.253085,62.886694,222.124104,0.324076,76.767775,252.714217,0.306296,64.525671,229.276281,0.306943,46.808865,167.53315,0.294271,61.965914,214.620698,0.324146,37.546724,121.961966,0.427829,79.774515,268.756805,0.306719,79.884738,262.178929,0.311787,57.393264,185.811165,0.378276,36.965932,154.212697,0.282421,44.915638,159.320141,0.319518,31.83422,111.017003,0.384655,34.557756,144.607196,0.303663,32.473755,122.896256,0.307604,23.757099,92.750707,0.359262,,,,,,,,,,,,,,,,,,,,,,,,,,,,,,,
242.24,0,0,0,49.285328,187.70076,0.283533,43.260418,176.601744,0.259352,39.050985,157.160682,0.266456,52.300043,206.116505,0.291741,18.108147,72.107338,0.294599,51.577883,225.062696,0.246388,61.746217,223.973902,0.312502,75.362856,255.283759,0.297762,63.276194,231.020819,0.297718,45.925901,168.601374,0.287327,60.822632,215.764237,0.316171,36.654614,122.880959,0.415236,78.353653,271.68964,0.298122,78.64293,264.681932,0.303461,56.406019,187.295277,0.366409,36.135197,155.113656,0.272047,43.901633,160.974086,0.309525,31.1191,112.146623,0.370433,33.721932,145.863606,0.29115,31.745811,123.500792,0.297676,23.288233,93.465949,0.34555,,,,,,,,,,,,,,,,,,,,,,,,,,,,,,,
252.24,0,0,0,48.853445,189.513472,0.278346,43.169834,177.190584,0.256148,38.831013,158.201458,0.263344,52.061125,207.749105,0.286825,17.801679,73.042662,0.288593,51.341846,226.492395,0.243282,61.445771,226.153457,0.306786,74.813944,258.207345,0.292129,62.933468,232.974668,0.293487,45.765699,169.982948,0.283333,60.703223,217.304325,0.312832,36.512009,123.967403,0.406402,77.863166,275.057631,0.292037,78.20708,267.381418,0.298488,56.16371,189.037075,0.36107,36.086514,156.348118,0.270036,43.634559,162.686144,0.302521,30.963601,113.529476,0.362873,33.561523,147.324402,0.285869,31.786064,124.695313,0.292472,23.366307,94.608557,0.343245,,,,,,,,,,,,,,,,,,,,,,,,,,,,,,,
262.24,0,0,0,49.104748,190.892703,0.280109,43.141412,178.339669,0.257041,39.318038,158.797734,0.266711,52.431297,208.910836,0.290465,18.666604,73.728731,0.297816,51.719733,227.363081,0.246154,61.761295,227.601022,0.310782,74.901363,260.186008,0.290777,63.163844,234.391244,0.29372,46.237314,170.941382,0.285402,60.998948,218.37554,0.315005,36.927659,124.646005,0.417155,77.906942,277.384735,0.290576,78.259948,269.377652,0.297595,56.544919,190.240223,0.366326,36.571537,157.116066,0.273587,43.844429,163.935461,0.30377,31.394715,114.506908,0.368352,34.032392,148.120566,0.292297,32.189621,125.141535,0.298987,23.9103,95.062336,0.356414,,,,,,,,,,,,,,,,,,,,,,,,,,,,,,,
272.24,0,0,0,48.481872,191.792287,0.275776,42.783348,178.210724,0.255194,38.865558,159.190092,0.263698,51.973278,209.269468,0.287497,18.315609,74.065672,0.290053,51.202907,227.945836,0.242867,61.127089,228.392786,0.306823,73.94036,261.701729,0.285218,62.417587,234.796645,0.292768,45.758245,171.485551,0.281918,60.469919,218.653932,0.311929,36.434063,124.915071,0.41073,77.151327,278.693328,0.287202,77.705821,270.167303,0.294557,56.056631,190.742075,0.36263,36.295215,157.321377,0.273111,43.357919,164.568039,0.300885,31.099149,114.89951,0.362626,33.531541,148.375785,0.286614,31.955033,125.125226,0.298906,23.734004,95.093732,0.351613,,,,,,,,,,,,,,,,,,,,,,,,,,,,,,,
282.24,0,0,0,47.976415,192.294406,0.27195,42.385702,178.285789,0.25214,38.540939,159.086916,0.26087,51.69767,209.632161,0.283701,17.804664,74.081779,0.282881,51.004112,227.712461,0.242049,60.905374,228.859315,0.30523,73.494947,262.663749,0.282598,62.162388,235.369449,0.288655,45.59925,171.474814,0.280748,60.207909,218.826194,0.309637,36.248496,125.357266,0.408803,76.674731,280.289922,0.283061,77.37091,271.601282,0.29152,55.850307,191.250769,0.359551,36.10285,157.434162,0.270487,43.049019,165.20555,0.296161,30.89944,115.460043,0.359365,33.370124,148.887767,0.287913,31.778999,124.966738,0.297044,23.59859,95.165984,0.346542,,,,,,,,,,,,,,,,,,,,,,,,,,,,,,,
292.24,0,0,0,47.584816,192.717232,0.269904,42.310113,178.269573,0.251687,38.304863,159.023468,0.259843,51.514248,209.597209,0.284151,17.8199,74.330721,0.278746,50.758746,227.761574,0.240131,60.544096,229.306873,0.302245,72.905948,263.591393,0.279459,61.838506,235.965118,0.28597,45.33856,171.69489,0.279244,59.944922,218.950714,0.307881,36.041601,125.437969,0.403073,76.449209,281.606153,0.280978,77.147776,272.437605,0.289354,55.63434,191.611893,0.356934,35.950171,157.609164,0.267639,42.730053,165.699149,0.294155,30.768148,115.891496,0.358747,33.157477,149.127231,0.282025,31.638503,124.87491,0.293537,23.540881,95.317175,0.344218,,,,,,,,,,,,,,,,,,,,,,,,,,,,,,,
302.24,0,0,0,46.904401,192.478157,0.267223,41.80061,179.010724,0.249094,37.988248,158.29134,0.260747,51.119386,209.260523,0.283206,17.54005,73.863495,0.28483,50.328632,226.632914,0.239953,60.079506,229.305183,0.301679,72.267679,264.138689,0.276505,61.346262,235.961658,0.286238,45.101253,171.481993,0.27853,59.593588,218.419656,0.307725,35.718126,125.135343,0.405275,75.90543,282.467775,0.277762,76.679413,273.488577,0.286656,55.298067,191.388478,0.35796,35.708125,156.947364,0.269094,42.41702,165.960439,0.289922,30.566504,115.806443,0.358569,32.921341,149.130655,0.282107,31.305826,124.422489,0.294727,23.355934,94.904283,0.345362,,,,,,,,,,,,,,,,,,,,,,,,,,,,,,,
304.74,,,,,,,,,,,,,,,,,,,,,,,,,,,,,,,,,,,,,,,,,,,,,,,,,,,,,,,,,,,,,,,,,,,,,,,,,,,,,,,,,,,,,,,,,,,,,,,,,
308.81,0,0,0,48.584309,191.251535,0.278967,43.3551,172.273147,0.266488,38.810016,155.355825,0.273078,50.85038,212.306413,0.273212,18.439677,68.739055,0.319901,50.191594,231.100497,0.237825,59.714869,229.655428,0.297291,73.499916,261.235961,0.284851,61.08727,235.481261,0.284925,44.650711,171.022403,0.276077,59.207446,223.156514,0.30017,35.977926,122.937602,0.411785,75.78284,278.36695,0.284714,76.812828,271.351588,0.292036,55.328705,190.511394,0.358558,34.930144,157.396873,0.261396,43.723332,157.193123,0.313748,30.096983,116.001557,0.353815,33.524062,147.548603,0.295371,32.070891,126.151409,0.297626,23.624402,95.07028,0.352772,,,,,,,,,,,,,,,,,,,,,,,,,,,,,,,
313.81,0,0,0,49.079807,195.430101,0.273117,44.47367,178.229381,0.263121,38.65195,158.125487,0.265548,51.116262,213.544395,0.273815,18.299876,69.517662,0.316158,50.438278,235.148125,0.231715,60.009378,232.567202,0.292379,73.789183,265.267008,0.281008,61.289421,238.268344,0.280233,45.115078,171.537846,0.276862,59.866296,224.635662,0.297083,36.224209,125.967197,0.400654,75.935129,282.046634,0.278395,77.432517,275.736809,0.287657,55.509769,193.076696,0.349378,34.974709,158.943187,0.256235,44.079111,162.622223,0.302154,30.349087,117.090017,0.34907,33.791867,151.86433,0.281034,32.738375,128.047319,0.295979,23.449033,96.105577,0.340036,,,,,,,,,,,,,,,,,,,,,,,,,,,,,,,
318.81,0,0,0,49.636205,196.607251,0.276006,45.243418,180.828945,0.266593,39.18509,159.075008,0.267343,51.891725,212.734257,0.282299,18.666978,70.381965,0.315893,51.002638,235.346991,0.233243,60.839845,232.188171,0.29848,74.566429,266.370363,0.282738,62.178088,238.497715,0.285175,45.739434,171.731449,0.281504,60.890662,223.691724,0.30521,37.071486,127.031836,0.406805,76.864021,282.737539,0.281308,78.605035,276.679947,0.290655,56.350811,192.582424,0.35722,35.776205,158.743993,0.26383,44.744489,164.942943,0.303596,31.025595,116.638273,0.355854,34.524901,153.125379,0.283187,33.305591,128.793736,0.297791,23.806301,96.402199,0.344861,,,,,,,,,,,,,,,,,,,,,,,,,,,,,,,
323.81,0,0,0,48.860423,197.181444,0.269409,45.049172,182.897036,0.25942,38.572555,159.381631,0.263371,51.247032,211.953209,0.277256,17.886754,70.339677,0.306916,50.408463,234.935106,0.231123,60.310038,231.71581,0.296521,73.794152,266.837484,0.279179,61.716471,238.211064,0.283101,45.084007,171.814795,0.277169,60.344238,223.046438,0.301521,36.517139,127.459861,0.400149,76.225596,283.411917,0.277758,77.951407,277.174872,0.287368,55.740303,191.92212,0.353386,35.227997,158.412689,0.261163,44.072464,166.778976,0.294885,30.429483,116.233841,0.353352,33.99851,153.728095,0.275416,32.624211,129.319128,0.288593,23.149613,96.570268,0.335713,,,,,,,,,,,,,,,,,,,,,,,,,,,,,,,
328.81,0,0,0,49.056568,198.196869,0.271946,45.406975,184.505231,0.260741,38.836558,160.427289,0.263397,51.560288,211.493127,0.282464,18.19546,71.759453,0.30096,50.599617,234.276939,0.232527,60.555455,231.25379,0.301863,73.829007,267.303911,0.278985,62.070998,238.17544,0.285401,45.216593,172.709094,0.277606,60.582666,222.167579,0.304812,36.869104,128.017659,0.4009,76.531215,283.64352,0.27928,78.307472,277.144405,0.289104,55.958783,191.252529,0.357901,35.578838,158.273366,0.262982,44.20547,168.140403,0.294282,30.718893,116.138879,0.358445,34.285157,154.420967,0.279341,32.828619,130.386468,0.28845,23.423929,97.306225,0.336592,,,,,,,,,,,,,,,,,,,,,,,,,,,,,,,
338.81,0,0,0,48.419429,200.22337,0.26562,45.45728,187.996338,0.25467,38.663714,160.886784,0.262952,51.370051,211.85362,0.281415,17.945336,72.72245,0.297784,50.225509,235.232864,0.232154,60.281128,231.366695,0.30223,73.14962,268.518523,0.275402,61.837898,238.232205,0.285768,44.846652,173.059915,0.27407,60.314023,223.076161,0.300983,36.487816,129.322317,0.394569,76.099815,286.056466,0.274935,77.787501,279.588829,0.284649,55.538069,191.627573,0.35311,35.109094,158.06272,0.259601,43.508938,170.656602,0.287851,30.275595,115.77174,0.353325,33.83554,155.873266,0.272795,32.315181,131.51543,0.282121,22.973368,97.557672,0.326575,,,,,,,,,,,,,,,,,,,,,,,,,,,,,,,
348.81,0,0,0,47.660983,202.925745,0.2588,45.294943,191.672973,0.249208,38.2354,162.324305,0.2565,50.874705,212.875046,0.276724,17.301119,73.767786,0.283011,49.509839,237.00959,0.225426,59.860935,232.955194,0.296187,72.222096,271.369453,0.269124,61.384833,240.416816,0.281218,44.235294,175.01719,0.267662,59.646361,225.099978,0.29541,35.910582,131.293698,0.382735,75.354571,289.859459,0.268831,77.254936,283.290452,0.278861,54.984013,193.091616,0.349059,34.568903,158.925438,0.254847,42.650284,173.976038,0.27466,29.720728,116.942292,0.34704,33.353028,158.138125,0.26436,31.779927,133.955874,0.271288,22.487091,98.71019,0.316341,,,,,,,,,,,,,,,,,,,,,,,,,,,,,,,
358.81,0,0,0,47.081038,203.930692,0.256196,45.252746,193.945336,0.245298,37.94529,162.535045,0.255516,50.603233,212.616245,0.27643,17.178918,74.324129,0.278934,49.310034,237.215432,0.224805,59.620021,233.072033,0.297367,71.596614,272.393125,0.265946,61.083821,240.479444,0.280188,43.631983,175.082773,0.264634,59.239783,225.211695,0.291691,35.56296,131.673736,0.38039,74.997762,291.145953,0.266426,76.940849,284.718834,0.276298,54.589364,192.999472,0.346724,34.193046,158.48099,0.253734,42.050404,175.408863,0.269738,29.260531,116.654482,0.34012,33.089322,159.111881,0.262021,31.31497,134.460056,0.268288,21.995611,98.475653,0.312066,,,,,,,,,,,,,,,,,,,,,,,,,,,,,,,
368.81,0,0,0,47.417555,205.401471,0.258808,45.992066,197.764429,0.244757,38.702224,163.794685,0.258879,51.367665,213.29265,0.282672,17.789677,75.06648,0.283755,49.979501,238.311817,0.227923,60.423206,233.648529,0.304284,72.120094,274.316914,0.266433,61.596002,241.063277,0.284322,44.230625,176.098095,0.267393,59.733238,226.471915,0.296968,36.005685,132.943434,0.389146,75.551937,292.556853,0.267753,77.40331,286.302613,0.276913,55.078775,193.524086,0.357055,34.787764,158.956931,0.258631,42.420216,176.939838,0.273323,29.727608,117.204357,0.346963,33.511181,160.202698,0.265116,31.732348,136.11159,0.266716,22.400546,99.422176,0.316731,,,,,,,,,,,,,,,,,,,,,,,,,,,,,,,
378.81,0,0,0,46.649301,206.259188,0.252999,45.912816,200.003139,0.240748,38.413873,164.19583,0.256915,50.925072,213.45307,0.277694,17.372264,75.533644,0.277613,49.402997,238.75044,0.224439,59.937034,234.064407,0.299416,71.493774,275.898585,0.262536,61.083535,241.537886,0.279849,43.543279,176.281879,0.262818,59.082125,227.27857,0.291127,35.437093,133.853475,0.378817,74.868137,293.965751,0.263826,76.592887,287.726861,0.272371,54.4558,193.906272,0.348681,34.156306,159.015943,0.253653,41.80577,178.442253,0.266061,29.185485,117.711862,0.339995,32.973578,161.163911,0.25863,31.145024,136.996634,0.260209,21.78109,99.839544,0.305903,,,,,,,,,,,,,,,,,,,,,,,,,,,,,,,
388.81,0,0,0,47.011736,206.000967,0.25854,46.743766,201.507672,0.245616,39.034159,163.29739,0.265626,51.4702,212.221332,0.285142,17.741915,74.976928,0.284765,49.989531,237.716739,0.22961,60.660463,233.252481,0.307716,71.937379,276.015901,0.264388,61.841516,240.875171,0.286933,44.172717,175.654282,0.269026,59.569468,226.701748,0.297429,35.972865,133.847473,0.392008,75.54753,294.041061,0.26722,77.27291,287.916578,0.275051,55.010954,192.953814,0.362357,34.68707,158.169193,0.261707,42.292977,178.275226,0.27284,29.613068,117.188388,0.357255,33.441887,160.870044,0.265934,31.611478,136.769099,0.268303,22.270271,99.171256,0.322627,,,,,,,,,,,,,,,,,,,,,,,,,,,,,,,
398.81,0,0,0,46.295875,206.738079,0.253193,45.915955,203.316042,0.237455,38.484795,163.495281,0.260245,50.858431,212.485672,0.280369,17.318657,75.256405,0.279554,49.439645,238.200114,0.225893,60.063209,233.590702,0.304447,71.090998,277.102373,0.260242,61.119814,241.472161,0.282242,43.449225,175.665467,0.264635,58.874021,227.638733,0.289302,35.333966,134.75639,0.379673,74.881874,294.912304,0.263253,76.720831,289.255076,0.271815,54.308598,193.255806,0.353414,34.123858,158.350798,0.256445,41.507825,179.239656,0.263614,28.962163,117.697427,0.348314,32.808814,161.569301,0.257904,30.938798,137.555956,0.257657,21.627163,99.794568,0.30877,,,,,,,,,,,,,,,,,,,,,,,,,,,,,,,
408.81,0,0,0,46.772806,207.016742,0.257204,46.874891,204.658936,0.241195,39.063653,163.053914,0.267179,51.533514,212.167252,0.287345,17.682463,75.508706,0.281325,50.050135,238.194089,0.230021,60.7367,233.222899,0.307463,71.557113,277.051618,0.262247,61.59879,241.167269,0.284955,44.037118,174.979272,0.269821,59.476101,227.614493,0.293542,35.857171,135.110731,0.386834,75.513833,295.063588,0.266007,77.251616,289.808452,0.273671,54.941291,192.959102,0.362753,34.634523,158.094589,0.260968,42.030149,179.189246,0.269345,29.334856,117.448259,0.351908,33.270183,161.652715,0.265243,31.602594,137.688754,0.265014,22.0149,99.737805,0.316134,,,,,,,,,,,,,,,,,,,,,,,,,,,,,,,
418.81,0,0,0,46.182713,207.68297,0.252269,46.348213,205.851264,0.23663,38.771723,162.790972,0.264445,51.194534,212.35608,0.281343,17.219154,75.707774,0.278414,49.61478,238.345732,0.226425,60.359845,233.717078,0.30519,70.865478,277.804198,0.258927,61.075352,241.68876,0.281111,43.511374,174.720955,0.266778,58.898192,227.867474,0.288697,35.358368,135.670616,0.376984,75.074536,296.178299,0.262939,76.825128,290.674693,0.270873,54.349526,193.02708,0.356276,34.184218,158.280372,0.257231,41.505861,179.766646,0.26294,28.629103,117.670914,0.344025,32.813376,162.221896,0.257253,30.931386,138.026815,0.2577,21.462612,100.121648,0.30633,,,,,,,,,,,,,,,,,,,,,,,,,,,,,,,
428.81,0,0,0,46.424122,206.814894,0.25681,46.772014,205.69102,0.239563,39.163671,161.85982,0.271262,51.700748,210.978066,0.290305,17.724129,74.607463,0.288137,50.00694,236.694838,0.232483,60.854321,232.204164,0.314797,70.945245,276.329067,0.260859,61.521474,240.749424,0.287912,43.847176,172.997738,0.273299,59.211964,226.598637,0.295931,35.639991,134.587851,0.391012,75.568445,294.777131,0.2673,77.354348,289.772948,0.274374,54.770817,191.516041,0.364578,34.518596,156.989883,0.264696,41.831815,178.740794,0.268742,28.779873,116.646823,0.35244,33.027015,160.956689,0.266331,31.247766,137.18873,0.264161,21.688466,99.297123,0.316281,,,,,,,,,,,,,,,,,,,,,,,,,,,,,,,
438.81,0,0,0,45.826738,206.808667,0.254619,46.411857,205.955798,0.237357,38.916145,161.520762,0.269704,51.259252,211.017788,0.285812,17.244838,74.850995,0.28012,49.593129,236.934119,0.228667,60.393991,232.315773,0.310107,70.17437,276.347171,0.258072,61.038266,240.703992,0.284314,43.383077,172.494294,0.270539,58.854236,226.887048,0.292555,35.098335,134.725542,0.385509,75.095382,295.384071,0.264843,76.661489,290.123493,0.271283,54.3068,191.352006,0.36437,34.135138,157.058056,0.262084,41.494916,178.987591,0.264162,28.289899,116.363434,0.347283,32.588591,160.435198,0.262106,30.889091,137.077301,0.259299,21.243539,99.048256,0.309786,,,,,,,,,,,,,,,,,,,,,,,,,,,,,,,
448.81,0,0,0,46.168779,206.460421,0.259685,46.992764,206.649085,0.239449,39.628795,161.339083,0.277464,51.903541,210.794048,0.291929,17.859328,74.780659,0.291401,50.262311,236.538965,0.23345,61.181446,231.965729,0.31602,70.660804,275.70234,0.260757,61.530171,240.454848,0.288012,43.822008,171.620729,0.275376,59.357584,226.679504,0.297554,35.5277,134.744329,0.391841,75.610281,295.032761,0.267522,77.085076,289.450924,0.273827,54.798889,190.874365,0.370452,34.648842,156.963358,0.265877,41.970577,178.515478,0.270142,28.665483,115.913556,0.357381,32.800938,159.550272,0.266652,31.251182,137.219912,0.264893,21.581762,98.999349,0.31782,,,,,,,,,,,,,,,,,,,,,,,,,,,,,,,
458.81,0,0,0,45.702931,207.087136,0.25352,46.847777,208.452223,0.236519,39.368228,161.951293,0.273399,51.724675,211.95586,0.284573,17.385697,75.319652,0.280805,50.013392,237.706579,0.229222,60.890032,233.257129,0.31046,70.328588,276.566141,0.258446,61.200818,241.782132,0.282808,43.459872,172.195569,0.27141,59.071575,227.99781,0.292158,35.630087,137.661043,0.37896,75.387468,297.039723,0.26411,76.531318,291.582634,0.269679,54.526535,191.85397,0.364165,34.408762,157.939576,0.261566,41.686263,179.816987,0.265419,28.320139,116.745236,0.345321,32.456808,160.560307,0.258112,30.971651,137.868439,0.259339,21.234656,99.777772,0.30752,,,,,,,,,,,,,,,,,,,,,,,,,,,,,,,
468.81,0,0,0,45.398884,207.172598,0.251529,46.487707,208.539843,0.233526,39.153161,160.615476,0.274404,51.559428,210.655003,0.286065,17.003545,74.741294,0.281365,49.667851,236.34307,0.228656,60.742504,231.846127,0.312887,70.122093,274.57481,0.259378,60.922959,240.611737,0.282331,43.202127,170.489005,0.272763,58.831249,226.908897,0.290679,35.584088,138.624241,0.373301,75.082551,295.53918,0.26411,76.190187,289.991935,0.269808,54.204893,190.477708,0.363071,34.090441,156.949604,0.259883,41.406802,178.737427,0.263332,28.06209,115.714495,0.346875,32.06981,159.20602,0.256625,30.516161,136.94861,0.258744,20.79321,99.116182,0.303709,,,,,,,,,,,,,,,,,,,,,,,,,,,,,,,
478.81,0,0,0,45.714732,206.733143,0.255883,47.186312,207.812903,0.238506,39.58697,159.789598,0.278175,51.884622,209.413729,0.291884,17.285821,74.303731,0.285626,50.004504,235.064657,0.232983,61.054218,230.594172,0.318794,70.368531,272.501066,0.262499,61.014419,238.944573,0.286791,43.320342,169.026899,0.277079,59.160711,225.530041,0.295922,36.082047,138.200592,0.38558,75.200894,293.347876,0.267367,76.232013,286.723719,0.273583,54.522516,188.781018,0.373018,34.407827,155.813376,0.266504,41.736672,177.37424,0.269683,28.334062,114.599145,0.357645,32.162093,157.815333,0.264672,30.760957,136.206672,0.261274,21.014906,98.272413,0.308882,,,,,,,,,,,,,,,,,,,,,,,,,,,,,,,
488.81,0,0,0,46.32774,205.861843,0.261992,48.0034,208.948649,0.240442,40.157211,159.121352,0.285183,52.691953,209.196377,0.295155,17.925684,73.963806,0.294731,50.722787,234.341822,0.237215,61.879539,230.590501,0.32258,71.194772,271.637767,0.266726,61.827471,239.096569,0.290027,44.018273,168.0189,0.283706,59.963129,225.485742,0.300211,36.906353,138.269506,0.391005,75.852882,293.167036,0.270598,77.226543,286.214573,0.277979,55.319076,188.316395,0.37865,35.027739,155.683954,0.270462,42.455253,177.450933,0.274019,28.988953,114.371344,0.368379,32.731548,158.03885,0.26793,31.273208,135.43318,0.268495,21.479816,97.793078,0.321242,,,,,,,,,,,,,,,,,,,,,,,,,,,,,,,
498.81,0,0,0,45.741617,205.167553,0.258238,46.997297,209.33095,0.235919,39.598108,158.932719,0.281915,52.211069,209.086086,0.291018,17.370771,73.75597,0.292392,50.266969,233.829451,0.235225,61.225857,230.632599,0.317234,70.528712,271.354355,0.264279,61.206096,239.915308,0.285886,43.241313,167.6056,0.27884,59.351174,225.47474,0.295123,36.381343,138.039448,0.384718,75.061437,292.054854,0.268146,76.550794,284.830535,0.276291,54.700776,187.638909,0.374189,34.607063,155.476791,0.265796,41.900214,177.719688,0.270299,28.427764,114.170753,0.360579,32.178045,157.997025,0.264045,30.459512,135.711684,0.262659,20.889521,97.728495,0.31073,,,,,,,,,,,,,,,,,,,,,,,,,,,,,,,
508.81,0,0,0,45.393284,203.180764,0.258615,46.609765,208.86565,0.23418,39.29915,157.695402,0.282361,51.984869,207.975582,0.291181,16.974254,72.912313,0.2883,49.87273,232.784093,0.234089,60.897263,229.394857,0.315359,70.279509,269.313513,0.26527,60.917827,238.944819,0.285344,42.863098,165.979265,0.279097,58.946454,224.566952,0.293788,36.127396,137.092276,0.385202,74.756551,290.258798,0.268396,76.214204,282.601613,0.27713,54.449071,186.365974,0.372175,34.192446,154.846463,0.26307,41.731711,177.429202,0.268166,28.097434,113.485052,0.356352,31.815599,157.653651,0.260146,30.153043,135.219702,0.258304,20.494735,96.887762,0.309754,,,,,,,,,,,,,,,,,,,,,,,,,,,,,,,
518.81,0,0,0,45.964674,202.816898,0.263355,47.356408,209.953967,0.236185,39.933213,157.976605,0.284389,52.476685,208.347129,0.29354,17.330348,73.520398,0.290052,50.406419,233.136776,0.236248,61.268619,229.44814,0.320511,71.104217,269.056826,0.268828,61.469326,238.972628,0.289041,43.279673,165.971067,0.282252,59.42598,225.341282,0.294887,36.517338,137.208811,0.387486,75.318065,290.074802,0.27042,76.647535,282.104844,0.279458,54.926981,186.166871,0.376153,34.425652,154.934452,0.266069,42.16835,178.357403,0.269337,28.421111,113.580963,0.360745,32.095933,158.477274,0.260552,30.34572,136.116601,0.257912,20.644761,97.24985,0.310204,,,,,,,,,,,,,,,,,,,,,,,,,,,,,,,
528.81,0,0,0,46.237752,201.117423,0.267539,47.601395,209.523104,0.238505,40.198084,156.945085,0.288891,52.64951,207.697641,0.294554,17.804353,72.647388,0.300759,50.398517,232.329653,0.237582,61.303992,228.147431,0.3207,71.203812,267.42701,0.270906,61.707984,237.691659,0.291274,43.575812,164.693221,0.286582,59.663602,225.024005,0.297456,36.899446,136.385262,0.39627,75.685939,288.751616,0.273488,77.062548,280.632524,0.28245,55.236369,185.123111,0.384436,34.724901,154.42013,0.271601,42.639083,178.526139,0.27185,28.886824,113.132445,0.373279,32.491283,158.582765,0.262629,30.737137,136.159415,0.263911,21.031703,96.547667,0.321407,,,,,,,,,,,,,,,,,,,,,,,,,,,,,,,
538.81,0,0,0,45.849708,200.294925,0.266524,47.538971,210.100872,0.236893,39.801495,156.653336,0.286007,52.353741,207.434283,0.293182,17.404726,72.649689,0.298455,50.272055,232.05799,0.23675,61.001988,227.181993,0.319333,70.933451,266.601296,0.270427,61.396177,236.825519,0.290433,43.071485,164.285038,0.284323,59.358471,225.161895,0.295107,36.641084,135.965079,0.391353,75.517998,287.506524,0.274088,76.846677,279.05807,0.283294,54.93928,184.226239,0.381624,34.34923,154.332416,0.266357,42.42025,179.31141,0.268885,28.531327,112.879824,0.363511,32.178609,158.937062,0.256869,30.438847,136.911463,0.25854,20.591679,96.557653,0.314102,,,,,,,,,,,,,,,,,,,,,,,,,,,,,,,
548.81,0,0,0,46.60764,198.385037,0.273915,47.845336,209.490061,0.23955,40.607485,155.652203,0.296662,52.963957,206.350293,0.297094,17.873881,72.325373,0.303839,50.832351,231.167316,0.240049,61.697241,225.30972,0.328701,71.748557,264.50079,0.276101,62.279753,235.217125,0.296449,43.698806,162.852299,0.291102,60.025,224.267293,0.299103,37.378192,135.008847,0.402428,76.506208,285.990739,0.279298,77.734112,277.182237,0.288526,55.777483,182.876114,0.392098,34.991295,153.388198,0.273408,43.269038,179.22854,0.274,29.175548,112.065818,0.378783,32.830953,158.8563,0.263044,31.088438,136.477714,0.265776,21.122436,95.570618,0.327374,,,,,,,,,,,,,,,,,,,,,,,,,,,,,,,
558.81,0,0,0,46.416739,197.827829,0.273185,47.753269,210.771927,0.236638,40.282902,155.469801,0.293112,52.552076,206.27641,0.295114,17.446517,72.203296,0.300222,50.566083,231.627436,0.237032,61.499789,224.683936,0.325525,71.547666,263.869789,0.275756,62.044783,234.548816,0.295704,43.260648,162.364425,0.289061,59.66892,224.589585,0.295538,37.044641,134.540442,0.398665,76.280314,285.162293,0.278976,77.312446,275.669414,0.288467,55.422721,182.073805,0.389684,34.609046,153.481303,0.269519,42.931527,179.566813,0.272107,28.772773,111.846794,0.371975,32.410551,159.301645,0.258116,30.661742,137.3661,0.257355,20.74461,95.684522,0.320043,,,,,,,,,,,,,,,,,,,,,,,,,,,,,,,
568.81,0,0,0,46.837966,196.053516,0.279177,48.39442,210.513862,0.241231,40.649334,154.486747,0.299004,52.862138,204.757092,0.299356,17.701306,71.559328,0.306407,51.071335,231.18873,0.241181,62.024983,222.851772,0.332719,72.1191,261.79402,0.280397,62.560068,233.003881,0.300993,43.617805,160.986685,0.294391,59.911402,223.543776,0.299224,37.487363,133.651233,0.408946,76.91722,283.230661,0.283465,77.865313,273.828894,0.29251,55.845128,180.688885,0.39795,34.972667,152.618212,0.274923,43.303928,179.004575,0.275228,29.183141,111.14229,0.383169,32.822664,159.044285,0.264209,31.008761,137.200745,0.262517,21.050003,94.778923,0.331759,,,,,,,,,,,,,,,,,,,,,,,,,,,,,,,
578.81,0,0,0,47.317079,195.089188,0.282511,48.763121,210.239494,0.24278,41.118809,153.952799,0.304229,53.192005,203.898182,0.30156,18.155348,71.765112,0.312105,51.572737,231.437054,0.243338,62.56511,222.046246,0.335954,72.595596,260.778215,0.283367,63.03393,232.132024,0.30291,43.901919,160.605931,0.296845,60.385455,222.981233,0.30155,37.943724,133.400339,0.40976,77.653469,282.116477,0.287144,78.613825,272.477612,0.296874,56.360398,179.931939,0.404403,35.310808,152.468382,0.276486,43.629626,178.762984,0.27639,29.523001,111.023949,0.386467,33.084224,159.397496,0.262149,31.395229,138.071547,0.26124,21.361186,94.937383,0.335426,,,,,,,,,,,,,,,,,,,,,,,,,,,,,,,
588.81,0,0,0,46.865764,193.948801,0.280258,48.192589,210.881691,0.239453,40.607111,153.34347,0.29946,52.646149,203.077735,0.298658,17.850373,71.597264,0.307593,50.995781,231.649895,0.238578,62.150091,221.026285,0.334356,72.206267,259.62814,0.282964,62.629037,231.253042,0.300874,43.39371,159.665074,0.293965,59.659702,222.250253,0.298592,37.441633,132.66981,0.405891,77.176067,280.934732,0.285988,78.026395,271.065397,0.295988,55.894116,179.00773,0.398419,34.799631,151.925286,0.271699,43.031313,178.040186,0.272992,29.095718,110.514227,0.379734,32.552905,159.199553,0.256933,30.987737,138.38252,0.257278,20.914275,94.375529,0.326742,,,,,,,,,,,,,,,,,,,,,,,,,,,,,,,
598.81,0,0,0,47.545504,191.393451,0.291781,49.056408,212.118745,0.242425,41.243356,151.366106,0.309871,53.217959,200.517106,0.307133,18.173943,70.321455,0.318738,51.614495,230.322773,0.245212,63.174832,218.40321,0.345739,73.054096,256.618621,0.290092,63.511877,228.808311,0.311606,44.040166,157.270412,0.306079,60.202946,219.899673,0.306693,38.112951,130.963296,0.425384,78.185019,278.677967,0.293108,79.055513,269.084936,0.302382,56.679276,176.928753,0.413655,35.364691,150.28955,0.283257,43.835289,176.396754,0.281943,29.678327,109.058436,0.397936,33.063068,157.975859,0.265587,31.663895,138.07714,0.263544,21.358363,93.042302,0.340319,,,,,,,,,,,,,,,,,,,,,,,,,,,,,,,
608.81,0,0,0,47.188233,190.211127,0.290177,48.722755,213.567655,0.238339,40.829422,150.761285,0.307672,52.9775,199.414676,0.306182,17.683769,70.661754,0.316264,51.271996,230.266708,0.242747,62.864149,217.299711,0.344911,72.838502,255.485907,0.290213,63.278818,227.925899,0.310168,43.611124,156.374465,0.304641,59.746939,218.39226,0.305059,37.881825,130.407455,0.422749,78.166571,277.37698,0.294085,79.076337,267.584605,0.304112,56.369427,175.78537,0.411329,34.976506,149.727471,0.278036,43.627378,175.7489,0.280142,29.355393,108.759675,0.389293,32.638981,157.782497,0.263289,31.143564,139.809513,0.258825,20.963026,93.041789,0.333895,,,,,,,,,,,,,,,,,,,,,,,,,,,,,,,
618.81,0,0,0,47.643566,189.454139,0.294564,49.325719,213.623627,0.240678,41.337865,150.460158,0.314589,53.475721,198.785859,0.311428,18.080037,70.19857,0.319072,51.619201,230.45987,0.243871,63.525492,216.800906,0.349654,73.473311,254.83661,0.293527,63.944696,227.301718,0.315035,44.007199,155.98512,0.307719,60.193385,217.733336,0.307841,38.328557,129.93207,0.430852,78.834948,276.664652,0.297632,79.64583,266.641658,0.30738,56.922042,175.145558,0.419968,35.387373,149.534797,0.284485,44.180561,175.572455,0.285022,29.763179,108.599029,0.40277,32.894595,157.601404,0.265829,31.488492,139.703059,0.259858,21.247001,92.740522,0.340905,,,,,,,,,,,,,,,,,,,,,,,,,,,,,,,
628.81,0,0,0,48.131368,187.234458,0.304922,50.091718,212.280994,0.250563,41.682758,148.78239,0.32049,53.982414,196.803398,0.31679,18.238246,69.357649,0.331036,51.768609,228.982246,0.246987,64.037478,214.257648,0.358435,73.818087,252.299504,0.298306,64.391502,225.212917,0.321135,44.269337,154.060142,0.315623,60.555098,215.503348,0.314472,38.653348,128.453684,0.442257,79.415301,274.251514,0.303142,80.35417,264.663894,0.312727,57.41543,173.275365,0.434382,35.701259,147.975559,0.289706,44.630704,173.985053,0.291393,30.078022,107.421759,0.414748,33.279013,156.243669,0.273044,31.767157,138.013154,0.265969,21.430634,91.34941,0.353957,,,,,,,,,,,,,,,,,,,,,,,,,,,,,,,
638.81,0,0,0,47.797455,187.626418,0.297659,49.751962,213.53653,0.243598,41.221166,149.33085,0.313082,53.678444,197.344969,0.311182,17.835697,70.519341,0.314962,51.310593,230.07982,0.241911,63.558856,214.42511,0.350426,73.474604,252.423082,0.296444,63.920036,225.196341,0.315703,43.751701,154.008647,0.309464,60.13399,215.882873,0.308936,38.111007,129.003644,0.422714,78.903204,273.947105,0.300456,79.529499,263.784817,0.310254,56.90638,173.361626,0.419988,35.07126,148.603748,0.280023,44.134863,174.500105,0.285164,29.558864,107.974371,0.393644,32.694589,156.619932,0.262205,31.371309,138.277489,0.260476,20.984937,91.906293,0.340464,,,,,,,,,,,,,,,,,,,,,,,,,,,,,,,
648.81,0,0,0,48.197306,185.107567,0.304749,50.106452,211.898692,0.247455,41.810173,147.645778,0.321363,54.262376,195.167073,0.320083,18.373197,69.609453,0.331046,51.591263,227.505549,0.246979,64.160356,211.941931,0.358601,74.012021,249.391604,0.302449,64.553142,222.870945,0.323664,44.103501,152.206705,0.315953,60.692953,213.382013,0.317449,38.648353,127.347354,0.438207,79.662861,271.291968,0.306764,80.377194,261.36151,0.316593,57.39505,171.293749,0.431098,35.466488,146.738523,0.288445,44.664481,172.872869,0.292089,29.94176,106.679298,0.406664,32.998867,155.349112,0.269282,31.753706,136.342713,0.26868,21.264531,90.447337,0.355449,,,,,,,,,,,,,,,,,,,,,,,,,,,,,,,
658.81,0,0,0,48.826614,183.297188,0.313347,50.999826,210.877507,0.25338,42.384596,146.642295,0.329435,54.984407,193.400873,0.323757,18.703483,69.241231,0.329772,52.008758,225.16507,0.251405,65.016117,210.127775,0.368722,74.730334,247.332838,0.308013,65.242592,221.37437,0.329251,44.593913,150.651317,0.323644,61.474591,211.373132,0.324289,39.190844,126.220227,0.450642,80.649744,269.312933,0.313283,81.272897,259.409479,0.322554,58.124148,169.518764,0.44451,35.903893,145.499575,0.295452,45.39546,171.723315,0.297994,30.429626,105.936036,0.41891,33.571867,154.382055,0.274094,32.238065,134.964276,0.275511,21.64724,89.575727,0.362101,,,,,,,,,,,,,,,,,,,,,,,,,,,,,,,
669.62,0,0,0,47.405009,177.431024,0.318064,48.040628,200.476548,0.252771,40.795046,141.015705,0.333103,53.460988,187.668205,0.329472,17.879726,66.596891,0.340059,50.348536,218.14248,0.254166,63.15246,203.725736,0.372886,72.596231,239.772911,0.308876,63.190099,213.775592,0.333732,43.070651,145.319405,0.325742,59.530287,204.848524,0.325097,37.812112,121.748663,0.460229,78.101402,260.405916,0.313843,78.510698,250.172416,0.323853,56.110318,163.611844,0.450069,34.475193,140.771643,0.295278,43.8457,166.416861,0.30026,29.163914,101.99571,0.426536,32.100736,149.224553,0.276281,31.375282,131.420447,0.278277,20.790011,86.69169,0.369723,,,,,,,,,,,,,,,,,,,,,,,,,,,,,,,
